CustomerID,Recency,Frequency,Monetary,Cluster,CustomerSegment,PC1,PC2
12348,75,4,1797.24,1,Loyal Customers,1.34968096,0.532370729
12349,19,1,1757.55,0,Regular Customers,0.684519238,-0.436540132
12350,310,1,334.4,2,At-Risk Customers,-2.070025774,1.680673184
12352,36,8,2506.04,1,Loyal Customers,3.401156692,1.050915392
12353,204,1,89,2,At-Risk Customers,-1.743833036,0.499533384
12354,232,1,1079.4,2,At-Risk Customers,-1.009383311,1.308278634
12355,214,1,459.4,2,At-Risk Customers,-1.466736064,0.797325992
12356,23,3,2811.43,1,Loyal Customers,2.209862415,0.430792685
12358,2,2,1168.06,0,Regular Customers,0.554834713,-0.790154625
12360,52,3,2662.06,1,Loyal Customers,1.928665958,0.63773765
12361,287,1,189.9,2,At-Risk Customers,-2.080152564,1.375413854
12363,110,2,552,0,Regular Customers,-0.54538532,-0.051549188
12364,8,4,1313.1,1,Loyal Customers,1.264143643,-0.390784438
12365,291,2,641.38,2,At-Risk Customers,-1.394643253,1.788382494
12367,4,1,168.9,0,Regular Customers,-0.647024956,-1.437654355
12371,45,2,1887.96,1,Loyal Customers,0.972512351,0.021921762
12372,72,3,1298.04,0,Regular Customers,0.616733409,0.103691694
12373,311,1,364.6,2,At-Risk Customers,-2.048380398,1.7067815
12374,25,1,742.93,0,Regular Customers,-0.24581859,-0.921672214
12375,11,2,457.5,0,Regular Customers,-0.121314053,-1.082400385
12377,315,2,1628.12,2,At-Risk Customers,-0.642919093,2.555562085
12379,82,2,852.24,0,Regular Customers,-0.135557862,-0.167623723
12380,22,4,2724.81,1,Loyal Customers,2.443943259,0.505467904
12381,5,5,1845.31,1,Loyal Customers,2.057136821,-0.003791412
12383,185,5,1850.56,1,Loyal Customers,1.138419352,1.781088382
12384,29,2,585.27,0,Regular Customers,-0.100370801,-0.835621569
12388,16,6,2780.66,1,Loyal Customers,3.135734769,0.738166762
12390,80,1,549.84,0,Regular Customers,-0.699153025,-0.480782257
12391,22,1,439.66,0,Regular Customers,-0.49930724,-1.114134554
12393,72,4,1582.6,1,Loyal Customers,1.174771376,0.387475028
12394,64,2,1272.48,0,Regular Customers,0.329362751,-0.120292268
12397,36,2,2409.9,1,Loyal Customers,1.481431245,0.212937473
12398,46,1,1635.66,0,Regular Customers,0.437946149,-0.234647678
12399,119,4,1108.65,0,Regular Customers,0.513466149,0.598428092
12401,303,1,84.3,2,At-Risk Customers,-2.255854697,1.477145152
12402,323,1,225.6,2,At-Risk Customers,-2.233175482,1.750986045
12403,50,1,427.7,0,Regular Customers,-0.653546597,-0.843343667
12405,149,1,1710.39,0,Regular Customers,-0.024172515,0.825194582
12407,50,5,1708.12,1,Loyal Customers,1.704661593,0.368095937
12408,33,5,2888.55,1,Loyal Customers,2.838434316,0.83331242
12410,309,2,693.33,2,At-Risk Customers,-1.440921764,1.994469643
12412,75,3,1226.88,0,Regular Customers,0.538253652,0.095202028
12413,67,3,758.1,0,Regular Customers,0.163673605,-0.235589233
12414,217,3,562.41,2,At-Risk Customers,-0.779301258,1.144438155
12418,113,1,668.58,0,Regular Customers,-0.763163417,-0.09034455
12420,64,1,600.39,0,Regular Customers,-0.572258041,-0.612058217
12421,16,4,807.04,0,Regular Customers,0.77443375,-0.583177892
12422,96,3,803.56,0,Regular Customers,0.055212786,0.075918612
12423,1,8,1859.31,1,Loyal Customers,3.007312575,0.357311213
12424,163,2,1760.96,2,At-Risk Customers,0.254592857,1.122003179
12425,78,1,777.2,0,Regular Customers,-0.487316706,-0.378561615
12426,195,1,582.73,2,At-Risk Customers,-1.259925036,0.675409132
12427,22,3,825.8,0,Regular Customers,0.454539228,-0.644771016
12430,43,1,256.4,0,Regular Customers,-0.769511699,-1.004580701
12434,85,2,806.14,0,Regular Customers,-0.191819506,-0.162663993
12436,100,1,509.01,0,Regular Customers,-0.837949669,-0.30468831
12438,14,2,2906.85,1,Loyal Customers,2.034882072,0.261836865
12442,3,1,172.06,0,Regular Customers,-0.639093465,-1.445858767
12445,22,1,133.4,0,Regular Customers,-0.770836349,-1.278500553
12446,58,1,1002.31,0,Regular Customers,-0.18513802,-0.455754738
12447,243,1,476.49,2,At-Risk Customers,-1.600349631,1.093608005
12448,44,1,449.45,0,Regular Customers,-0.603484048,-0.89107278
12450,156,2,197.88,2,At-Risk Customers,-1.095319819,0.213814826
12452,17,2,430.57,0,Regular Customers,-0.175969173,-1.037451314
12453,134,1,707.09,0,Regular Customers,-0.836747322,0.138230551
12455,73,6,2466.86,1,Loyal Customers,2.565119554,1.134073828
12457,66,7,2363.23,1,Loyal Customers,2.814898458,1.140217914
12458,71,2,947.4,0,Regular Customers,0.005238976,-0.225456314
12461,94,2,826.88,0,Regular Customers,-0.219600095,-0.062429979
12462,19,2,1189.59,0,Regular Customers,0.486715775,-0.610293864
12463,53,4,1344.78,1,Loyal Customers,1.061388001,0.071733376
12464,10,8,1212.05,1,Loyal Customers,2.387285381,0.09903779
12465,17,2,742.19,0,Regular Customers,0.100312095,-0.870208668
12468,188,2,729.54,2,At-Risk Customers,-0.78810685,0.815961306
12475,54,1,723.38,0,Regular Customers,-0.411917061,-0.645054442
12478,4,1,680.99,0,Regular Customers,-0.193007645,-1.16282191
12479,11,1,527.2,0,Regular Customers,-0.365266269,-1.176056706
12483,17,8,2484.98,1,Loyal Customers,3.47995202,0.851506183
12488,10,3,1298.66,0,Regular Customers,0.93533349,-0.509796978
12491,39,1,460.4,0,Regular Customers,-0.568126589,-0.934697776
12492,63,2,263.21,0,Regular Customers,-0.560322869,-0.671855489
12493,166,2,433.74,2,At-Risk Customers,-0.937505568,0.439401461
12494,16,7,1246.1,1,Loyal Customers,2.080946923,0.045650622
12497,82,1,1043.1,0,Regular Customers,-0.27209002,-0.196254952
12498,21,3,403.7,0,Regular Customers,0.0854366,-0.881207273
12504,18,2,482.05,0,Regular Customers,-0.135457019,-0.999922281
12506,233,1,73.5,2,At-Risk Customers,-1.90634079,0.778324742
12507,134,3,1304.81,0,Regular Customers,0.304685278,0.721146489
12508,26,2,397.88,0,Regular Customers,-0.251120624,-0.965892528
12509,284,1,176.5,2,At-Risk Customers,-2.076643425,1.338521202
12510,143,2,982.57,0,Regular Customers,-0.332928258,0.506243869
12512,66,2,132.18,0,Regular Customers,-0.691883172,-0.712476652
12513,113,1,612.29,0,Regular Customers,-0.813069946,-0.120554705
12514,267,1,1017.68,2,At-Risk Customers,-1.243648636,1.621666355
12516,78,2,1312.06,0,Regular Customers,0.292636418,0.03955467
12517,28,5,2481.6,1,Loyal Customers,2.503283009,0.565405601
12518,1,5,2056.89,1,Loyal Customers,2.265242334,0.070159606
12519,64,1,330.84,0,Regular Customers,-0.811240185,-0.756722408
12520,79,5,2634.26,1,Loyal Customers,2.377008767,1.152253976
12521,143,1,599.68,2,At-Risk Customers,-0.978145281,0.169688026
12522,39,2,192.72,0,Regular Customers,-0.499702791,-0.947294902
12523,19,11,1789.77,1,Loyal Customers,3.770565449,0.89138654
12526,1,3,1316.66,0,Regular Customers,0.997460836,-0.589239707
12527,82,3,348.71,0,Regular Customers,-0.276237899,-0.306798661
12528,9,6,1933.48,1,Loyal Customers,2.42053668,0.21419319
12530,60,4,1662.28,1,Loyal Customers,1.306973543,0.311434165
12531,15,1,125.22,0,Regular Customers,-0.742179795,-1.352193077
12532,30,1,349.83,0,Regular Customers,-0.619988983,-1.083142453
12534,131,1,1089.18,0,Regular Customers,-0.482598049,0.313592548
12535,92,2,716.35,0,Regular Customers,-0.30733594,-0.14155077
12538,29,1,363.95,0,Regular Customers,-0.602340392,-1.085464767
12541,30,3,981.18,0,Regular Customers,0.551259865,-0.482177705
12544,36,1,372.7,0,Regular Customers,-0.630491586,-1.011466331
12545,75,2,1000.39,0,Regular Customers,0.031700356,-0.157415846
12546,47,2,1161.5,0,Regular Customers,0.318175613,-0.348159751
12547,198,2,207.8,2,At-Risk Customers,-1.30197827,0.634953279
12548,166,1,95.2,2,At-Risk Customers,-1.543402026,0.12664772
12550,79,1,964.83,0,Regular Customers,-0.32609441,-0.267962541
12552,39,2,437.82,0,Regular Customers,-0.282397937,-0.815752727
12556,50,2,599.56,0,Regular Customers,-0.195428079,-0.620045045
12558,8,1,269.96,0,Regular Customers,-0.577944872,-1.343815306
12559,311,2,561.71,2,At-Risk Customers,-1.567875314,1.943631488
12560,5,3,2134.01,1,Loyal Customers,1.70160128,-0.110976569
12561,303,1,238.85,2,At-Risk Customers,-2.118831175,1.560090248
12564,261,1,456.9,2,At-Risk Customers,-1.710055271,1.261300509
12565,289,1,145.92,2,At-Risk Customers,-2.129404777,1.371611017
12566,86,1,351.65,0,Regular Customers,-0.905646698,-0.527746335
12571,40,2,519.61,0,Regular Customers,-0.215013036,-0.761956688
12572,9,2,1020.42,0,Regular Customers,0.388028659,-0.800088791
12573,227,1,160.54,2,At-Risk Customers,-1.798392342,0.765635973
12574,316,1,218.45,2,At-Risk Customers,-2.203605733,1.677846309
12576,36,5,1315.83,1,Loyal Customers,1.428676398,0.018953852
12577,35,3,626.6,0,Regular Customers,0.211241177,-0.622974731
12578,21,2,2794.51,1,Loyal Customers,1.899372882,0.270847778
12579,78,1,440.42,0,Regular Customers,-0.785904747,-0.559307325
12580,247,1,415.7,2,At-Risk Customers,-1.674765225,1.100584136
12581,40,1,197.71,0,Regular Customers,-0.806156525,-1.065779944
12582,239,2,511.36,2,At-Risk Customers,-1.243166617,1.203784385
12584,4,9,2338.15,1,Loyal Customers,3.722209017,0.775063285
12585,234,2,2040.1,2,At-Risk Customers,0.137858468,1.974738734
12586,17,1,196.94,0,Regular Customers,-0.688852769,-1.293901139
12587,8,1,144,0,Regular Customers,-0.689620594,-1.411416499
12588,39,1,214.9,0,Regular Customers,-0.785786083,-1.066454626
12589,29,2,646.68,0,Regular Customers,-0.045924897,-0.802663572
12591,317,1,452.85,2,At-Risk Customers,-2.000917308,1.81354627
12592,92,2,437.6,0,Regular Customers,-0.554474774,-0.291152489
12593,109,3,418.1,0,Regular Customers,-0.353222768,-0.002248568
12596,51,2,618.27,0,Regular Customers,-0.1839697,-0.600103272
12598,10,8,3023.08,1,Loyal Customers,3.992938627,1.070995459
12599,29,7,1032.58,1,Loyal Customers,1.824952807,0.059761538
12600,29,10,2599.04,1,Loyal Customers,4.131015114,1.293651855
12601,190,5,577.06,2,At-Risk Customers,-0.016310788,1.147118222
12602,59,1,153.12,0,Regular Customers,-0.943156928,-0.901604288
12603,22,1,739.2,0,Regular Customers,-0.23373606,-0.953375096
12604,79,2,254.18,0,Regular Customers,-0.650406358,-0.518296252
12607,60,1,1579.51,0,Regular Customers,0.316345913,-0.12617786
12609,78,3,1126.85,0,Regular Customers,0.434177848,0.071218186
12610,23,5,2099.54,1,Loyal Customers,2.190199094,0.31085694
12611,52,1,1193.32,0,Regular Customers,0.014989889,-0.412644078
12612,74,1,704.04,0,Regular Customers,-0.531660742,-0.457427074
12614,278,1,315.6,2,At-Risk Customers,-1.922538752,1.353772399
12615,2,4,2291.19,1,Loyal Customers,2.162094093,0.074742439
12616,95,2,713.3,0,Regular Customers,-0.325429595,-0.113486632
12617,29,1,352.98,0,Regular Customers,-0.612066358,-1.091352232
12618,22,1,177.31,0,Regular Customers,-0.731905888,-1.254934593
12620,15,3,1339.41,0,Regular Customers,0.945813081,-0.438425224
12622,232,1,180.1,2,At-Risk Customers,-1.806699736,0.825635314
12623,276,1,305.1,2,At-Risk Customers,-1.921588327,1.328336486
12624,106,2,641.13,0,Regular Customers,-0.445843575,-0.043315589
12625,212,2,2683.82,1,Loyal Customers,0.821435094,2.102407791
12628,4,3,786.46,0,Regular Customers,0.511997723,-0.844090532
12630,10,2,1270.88,0,Regular Customers,0.604955827,-0.655769624
12631,57,1,640.5,0,Regular Customers,-0.500787732,-0.659834089
12633,59,4,2163.98,1,Loyal Customers,1.756908959,0.570790078
12635,90,2,1689.18,0,Regular Customers,0.565431631,0.360754511
12638,33,1,671.69,0,Regular Customers,-0.3500185,-0.880703088
12639,239,1,486.1,2,At-Risk Customers,-1.571310057,1.059164192
12640,24,3,1174.58,0,Regular Customers,0.75350674,-0.437784361
12641,115,1,185.9,0,Regular Customers,-1.201365608,-0.329592317
12642,25,3,1013.26,0,Regular Customers,0.605351113,-0.514462488
12644,130,1,477.91,0,Regular Customers,-1.019418177,-0.024368936
12645,34,4,1775.18,1,Loyal Customers,1.540446282,0.114617233
12646,5,2,1346.97,0,Regular Customers,0.698066196,-0.664434778
12648,155,1,318.05,2,At-Risk Customers,-1.289395653,0.137344792
12649,107,3,623.51,0,Regular Customers,-0.160847247,0.088191777
12650,3,1,314.44,0,Regular Customers,-0.512859825,-1.369445161
12653,149,2,2209.85,1,Loyal Customers,0.724395086,1.22431212
12654,11,5,601.98,0,Regular Customers,0.92402546,-0.611669356
12657,11,4,1643.18,1,Loyal Customers,1.541401951,-0.1839335
12658,19,1,686.05,0,Regular Customers,-0.265469141,-1.011601088
12659,30,1,91.68,0,Regular Customers,-0.848863924,-1.221688403
12660,11,1,245.1,0,Regular Customers,-0.615375201,-1.327456328
12665,325,1,63,2,At-Risk Customers,-2.387595797,1.683521303
12667,58,1,620.13,0,Regular Customers,-0.523977552,-0.660866073
12669,151,3,2744.03,1,Loyal Customers,1.493485635,1.661864148
12670,10,5,2996.05,1,Loyal Customers,3.051729898,0.663298411
12673,5,2,610.52,0,Regular Customers,0.045132046,-1.059678493
12674,39,4,1970.6,1,Loyal Customers,1.688055787,0.268998486
12676,25,6,1331.39,1,Loyal Customers,1.804648145,0.049464373
12679,59,4,1113.02,0,Regular Customers,0.825131277,0.006752689
12680,1,4,862.81,0,Regular Customers,0.900826924,-0.701751997
12684,8,7,2283.63,1,Loyal Customers,3.041856371,0.52327753
12685,28,6,2863.08,1,Loyal Customers,3.14724993,0.901204714
12689,26,2,1247.61,0,Regular Customers,0.502247201,-0.509852821
12690,206,1,389.01,2,At-Risk Customers,-1.488104846,0.680345776
12691,28,6,1035.8,1,Loyal Customers,1.527189487,-0.079474132
12693,127,4,855.91,0,Regular Customers,0.248348935,0.541988386
12694,70,2,869.67,0,Regular Customers,-0.058546341,-0.2770734
12695,7,4,582.1,0,Regular Customers,0.621171291,-0.793003551
12697,29,3,957.59,0,Regular Customers,0.535474894,-0.504738515
12701,80,2,797.71,0,Regular Customers,-0.173644291,-0.216689998
12702,20,1,219,0,Regular Customers,-0.684683981,-1.25236077
12703,71,1,283.55,0,Regular Customers,-0.889076259,-0.712799955
12704,7,8,2340.84,1,Loyal Customers,3.40345642,0.675144552
12707,292,1,603.42,2,At-Risk Customers,-1.739176316,1.646846712
12708,30,10,2712.91,1,Loyal Customers,4.226842037,1.364664838
12710,97,3,1149.02,0,Regular Customers,0.356366642,0.271223118
12713,1,1,848.55,0,Regular Customers,-0.029059965,-1.102595542
12715,106,1,343.36,0,Regular Customers,-1.015593485,-0.334188568
12716,4,2,1053.49,0,Regular Customers,0.442997637,-0.831842253
12717,151,2,1030.98,2,At-Risk Customers,-0.331046872,0.611427688
12718,71,1,238.25,0,Regular Customers,-0.92923909,-0.737111912
12719,5,2,644.95,0,Regular Customers,0.075657571,-1.041200333
12721,32,6,2656.13,1,Loyal Customers,2.94324936,0.82973856
12722,85,4,997.63,0,Regular Customers,0.589450912,0.202233269
12723,4,5,725.07,0,Regular Customers,1.069065564,-0.614910876
12724,5,4,1031.41,0,Regular Customers,1.02978775,-0.571665055
12726,28,7,2609.1,1,Loyal Customers,3.227820103,0.895960211
12728,71,4,836.33,0,Regular Customers,0.518260692,-0.022939307
12729,114,1,453.01,0,Regular Customers,-0.959416915,-0.196137989
12732,180,1,236.26,2,At-Risk Customers,-1.490156524,0.340957735
12733,234,1,383.95,2,At-Risk Customers,-1.636226686,0.954839808
12735,315,2,779.57,2,At-Risk Customers,-1.395240734,2.100155669
12739,78,2,1013.04,0,Regular Customers,0.027526269,-0.120925709
12740,64,1,427.6,0,Regular Customers,-0.725453087,-0.704792499
12743,134,2,540.13,0,Regular Customers,-0.679025503,0.179688619
12750,129,1,275.88,0,Regular Customers,-1.193407466,-0.142696314
12754,236,3,3010.74,1,Loyal Customers,1.293913018,2.64653351
12756,87,1,112.08,0,Regular Customers,-1.123178517,-0.646420281
12758,117,2,2791.59,1,Loyal Customers,1.404318898,1.219713814
12759,52,3,1531.44,1,Loyal Customers,0.926261982,0.030947713
12762,8,2,1898.52,1,Loyal Customers,1.171679078,-0.338723597
12763,138,2,494.08,0,Regular Customers,-0.740372662,0.194575528
12764,317,1,1693.88,2,At-Risk Customers,-0.900624189,2.479591905
12769,239,1,1143.6,2,At-Risk Customers,-0.988372718,1.412036407
12770,211,1,1351.45,2,At-Risk Customers,-0.66045793,1.246377289
12772,60,1,892.47,0,Regular Customers,-0.292781493,-0.494903833
12775,17,5,1386.04,1,Loyal Customers,1.588391409,-0.131471863
12778,20,6,822.23,1,Loyal Customers,1.378877787,-0.273297305
12781,64,2,826.74,0,Regular Customers,-0.065828868,-0.359515479
12782,5,5,2330.92,1,Loyal Customers,2.487677051,0.25682954
12783,2,6,2225.91,1,Loyal Customers,2.715713072,0.30183438
12784,9,2,532.82,0,Regular Customers,-0.044275898,-1.061777752
12787,10,3,463.66,0,Regular Customers,0.195025234,-0.957931274
12789,65,1,91.85,0,Regular Customers,-1.028257778,-0.875085075
12790,192,1,324.92,2,At-Risk Customers,-1.473108999,0.507344619
12792,257,1,400.54,2,At-Risk Customers,-1.739504482,1.191451404
12794,53,2,860.41,0,Regular Customers,0.020451138,-0.450349002
12795,19,1,430.48,0,Regular Customers,-0.492056663,-1.148762384
12802,187,1,427.58,2,At-Risk Customers,-1.356441756,0.512939259
12808,37,3,483.65,0,Regular Customers,0.074242487,-0.679893558
12809,178,1,489.31,2,At-Risk Customers,-1.255543535,0.456965887
12811,261,3,514.85,2,At-Risk Customers,-1.047180978,1.554528485
12812,45,1,229.64,0,Regular Customers,-0.803496717,-0.999141775
12814,102,1,125.92,0,Regular Customers,-1.187855694,-0.490487341
12815,148,2,1063.46,0,Regular Customers,-0.286860675,0.599158271
12816,96,2,572.2,0,Regular Customers,-0.455658236,-0.179312932
12817,281,1,166.04,2,At-Risk Customers,-2.070527691,1.303206411
12818,262,1,1542.08,2,At-Risk Customers,-0.753068095,1.853603699
12820,3,4,942.34,0,Regular Customers,0.961078271,-0.639268527
12821,214,1,92.72,2,At-Risk Customers,-1.791833346,0.600533317
12822,71,2,948.88,0,Regular Customers,0.006551139,-0.224662016
12823,75,5,1759.5,1,Loyal Customers,1.621968807,0.643179592
12824,60,1,397.12,0,Regular Customers,-0.731957175,-0.760752124
12826,3,7,1474.72,1,Loyal Customers,2.350328649,0.039643691
12827,6,3,430.15,0,Regular Customers,0.185834759,-1.015517063
12828,3,6,1018.71,1,Loyal Customers,1.640283675,-0.336154762
12831,262,1,215.05,2,At-Risk Customers,-1.929608531,1.141402915
12832,32,2,383.03,0,Regular Customers,-0.295065655,-0.914460269
12833,145,1,417.38,2,At-Risk Customers,-1.150031551,0.091650535
12834,283,1,312.38,2,At-Risk Customers,-1.951042818,1.401545992
12836,59,4,2610.36,1,Loyal Customers,2.152668,0.810356769
12837,173,1,134.1,2,At-Risk Customers,-1.544822329,0.216827293
12838,34,2,671.95,0,Regular Customers,-0.049169823,-0.739599745
12840,144,4,2726.77,1,Loyal Customers,1.819839897,1.714361958
12842,70,2,1118.99,0,Regular Customers,0.162499951,-0.143266403
12843,66,8,1702.26,1,Loyal Customers,2.534632635,0.916546852
12844,29,2,325.96,0,Regular Customers,-0.330274195,-0.974790077
12845,267,4,354.09,2,At-Risk Customers,-0.91474133,1.658716089
12847,22,1,843.64,0,Regular Customers,-0.1411399,-0.897323424
12849,31,2,1010.29,0,Regular Customers,0.266190844,-0.587717838
12851,97,1,131.81,0,Regular Customers,-1.156984414,-0.536827977
12852,295,1,311.55,2,At-Risk Customers,-2.013336834,1.519904686
12853,135,6,1957.1,1,Loyal Customers,1.795117623,1.474313284
12854,79,3,1316.25,0,Regular Customers,0.59696942,0.182767197
12856,8,6,2170.78,1,Loyal Customers,2.636055925,0.331648855
12857,211,2,1106.4,2,At-Risk Customers,-0.571970448,1.245925408
12863,52,1,521.2,0,Regular Customers,-0.580909494,-0.773362668
12864,138,1,147.12,2,At-Risk Customers,-1.353734264,-0.122697123
12865,26,2,1568.23,0,Regular Customers,0.786507839,-0.337779985
12866,283,1,559.12,2,At-Risk Customers,-1.732283945,1.533968334
12868,186,6,1607.06,1,Loyal Customers,1.223151214,1.791368712
12871,84,2,380.64,0,Regular Customers,-0.563936562,-0.400924988
12872,327,2,599.97,2,At-Risk Customers,-1.616031644,2.12257069
12873,282,1,374,2,At-Risk Customers,-1.891280884,1.424716347
12875,143,2,343.23,2,At-Risk Customers,-0.899765001,0.163117904
12876,58,2,2218.02,1,Loyal Customers,1.198454477,0.327765422
12878,236,2,854.99,2,At-Risk Customers,-0.923115853,1.35850537
12879,45,3,573.22,0,Regular Customers,0.112616195,-0.55261967
12881,276,1,298,2,At-Risk Customers,-1.927883164,1.324526003
12882,9,2,1463.04,0,Regular Customers,0.780454096,-0.562540046
12883,25,4,703.47,0,Regular Customers,0.636440323,-0.549659536
12884,88,1,309.05,0,Regular Customers,-0.953675408,-0.530808544
12885,63,3,1175.22,0,Regular Customers,0.554010206,-0.051327408
12886,68,2,1378.4,0,Regular Customers,0.402751695,-0.023844917
12888,214,2,354.12,2,At-Risk Customers,-1.254328959,0.871886962
12890,24,1,376.72,0,Regular Customers,-0.565369327,-1.128112992
12891,186,3,331,2,At-Risk Customers,-0.825443408,0.713332527
12893,31,1,176.55,0,Regular Customers,-0.778748306,-1.166239366
12895,42,2,372.8,0,Regular Customers,-0.35543399,-0.82094713
12897,205,2,216.5,2,At-Risk Customers,-1.330173794,0.70892488
12902,265,1,138.68,2,At-Risk Customers,-2.012707457,1.130117106
12904,18,2,496.06,0,Regular Customers,-0.123035799,-0.992403285
12906,12,5,2919.81,1,Loyal Customers,2.973876075,0.642182025
12908,176,2,750,2,At-Risk Customers,-0.708408942,0.708137792
12909,40,5,2178.67,1,Loyal Customers,2.173148126,0.521630917
12912,3,5,1662.3,1,Loyal Customers,1.905140447,-0.121811334
12913,5,5,2483.63,1,Loyal Customers,2.623069236,0.338787131
12915,149,2,363.65,2,At-Risk Customers,-0.912439766,0.233479141
12916,139,4,2944.95,1,Loyal Customers,2.038926793,1.781954771
12917,128,1,594,0,Regular Customers,-0.906233475,0.018134457
12919,8,6,1335.19,1,Loyal Customers,1.895224578,-0.116802087
12920,17,1,162.78,0,Regular Customers,-0.719138913,-1.312234393
12922,161,1,405.38,2,At-Risk Customers,-1.242748232,0.243615809
12923,64,1,172.82,0,Regular Customers,-0.951340198,-0.841529811
12924,88,4,933.7,0,Regular Customers,0.517381249,0.197623855
12925,5,2,694.05,0,Regular Customers,0.11918947,-1.014848963
12928,35,5,2062.7,1,Loyal Customers,2.095978731,0.409889508
12929,312,1,117.85,2,At-Risk Customers,-2.272277982,1.584254136
12930,78,2,415.8,0,Regular Customers,-0.501984752,-0.441457119
12933,24,3,607.53,0,Regular Customers,0.250762073,-0.742113167
12935,2,7,2160.7,1,Loyal Customers,2.963646107,0.397900429
12936,17,4,1063.9,0,Regular Customers,0.997035137,-0.435423924
12937,15,4,1504.27,1,Loyal Customers,1.397725422,-0.218883417
12938,26,1,114.14,0,Regular Customers,-0.808431582,-1.249235778
12940,55,2,899.69,0,Regular Customers,0.045016967,-0.409467215
12942,131,3,675.6,0,Regular Customers,-0.237780705,0.353756135
12944,36,2,604.51,0,Regular Customers,-0.119221595,-0.755993277
12945,288,1,462.95,2,At-Risk Customers,-1.843197176,1.531856798
12947,144,6,1603.99,1,Loyal Customers,1.435882852,1.373906571
12948,16,7,2064.95,1,Loyal Customers,2.806936641,0.48511741
12950,2,3,1843,1,Loyal Customers,1.458982305,-0.296859116
12951,9,6,1064.07,1,Loyal Customers,1.649720632,-0.252408532
12952,6,4,1387.79,1,Loyal Customers,1.340623242,-0.370499919
12953,10,1,329.85,0,Regular Customers,-0.535106285,-1.291872384
12956,306,1,108.07,2,At-Risk Customers,-2.250169828,1.519603257
12962,7,2,266.39,0,Regular Customers,-0.270232171,-1.224568168
12963,8,8,1856.63,1,Loyal Customers,2.969027581,0.425175308
12965,89,1,769.81,0,Regular Customers,-0.550296951,-0.273623937
12966,10,1,160.18,0,Regular Customers,-0.685535149,-1.3829322
12968,112,1,135.95,0,Regular Customers,-1.230261579,-0.386100907
12970,7,4,405.47,0,Regular Customers,0.464571713,-0.887798713
12974,198,1,144.8,2,At-Risk Customers,-1.663581869,0.470078489
12976,212,1,738.6,2,At-Risk Customers,-1.208938571,0.927368529
12977,156,1,39.24,2,At-Risk Customers,-1.541717528,-0.002388782
12981,30,2,372.22,0,Regular Customers,-0.294390076,-0.940062555
12982,243,1,390.54,2,At-Risk Customers,-1.676552619,1.04747969
12984,19,1,97.5,0,Regular Customers,-0.787275636,-1.327468681
12985,1,2,1239.38,0,Regular Customers,0.623196635,-0.761778398
12987,74,2,558.7,0,Regular Customers,-0.354770701,-0.404365817
12988,292,1,505.82,2,At-Risk Customers,-1.825708155,1.594465985
12990,31,3,409.5,0,Regular Customers,0.039280411,-0.779091029
12991,23,2,503.76,0,Regular Customers,-0.141858229,-0.938769062
12993,23,4,414.76,0,Regular Customers,0.390730676,-0.724407356
12994,4,3,974.42,0,Regular Customers,0.678642442,-0.743214696
12995,85,1,211.32,0,Regular Customers,-1.024932969,-0.612960077
12997,22,4,1226.89,1,Loyal Customers,1.11589231,-0.298447455
12999,196,3,455.88,2,At-Risk Customers,-0.766023661,0.879357551
13000,107,3,534.85,0,Regular Customers,-0.239452912,0.040609039
13002,318,1,120.95,2,At-Risk Customers,-2.300308603,1.645319941
13003,106,3,149.05,0,Regular Customers,-0.576372079,-0.176345452
13005,174,2,513.7,2,At-Risk Customers,-0.907652055,0.561517779
13006,56,1,81.57,0,Regular Customers,-0.991203388,-0.969705335
13008,323,1,229.47,2,At-Risk Customers,-2.229744352,1.753063026
13012,9,8,1646.84,1,Loyal Customers,2.777898611,0.322483924
13016,73,3,789.89,0,Regular Customers,0.161079444,-0.159125855
13017,7,1,204,0,Regular Customers,-0.631294946,-1.389115578
13021,4,9,2616.38,1,Loyal Customers,3.96888682,0.924385926
13023,64,2,689.9,0,Regular Customers,-0.187150763,-0.432955835
13026,1,5,975.36,1,Loyal Customers,1.306361391,-0.510284328
13028,23,2,661.32,0,Regular Customers,-0.002166051,-0.854208536
13029,31,3,1247.5,0,Regular Customers,0.782248457,-0.32934667
13030,11,2,752.44,0,Regular Customers,0.140178782,-0.924109691
13032,52,2,1010.18,0,Regular Customers,0.158366573,-0.379869619
13034,55,2,642.77,0,Regular Customers,-0.18276746,-0.547353039
13035,74,2,921.88,0,Regular Customers,-0.032776507,-0.209451549
13037,138,3,881.07,0,Regular Customers,-0.091520593,0.533331791
13038,80,3,908.46,0,Regular Customers,0.230294301,-0.026188367
13040,9,2,676.99,0,Regular Customers,0.08354475,-0.984403475
13043,273,1,516.42,2,At-Risk Customers,-1.718843175,1.412048312
13044,291,1,560.47,2,At-Risk Customers,-1.7721258,1.613895627
13045,99,1,305.28,0,Regular Customers,-1.013446172,-0.423928057
13046,31,2,629.31,0,Regular Customers,-0.071584772,-0.792185148
13048,14,4,1819.41,1,Loyal Customers,1.682257355,-0.059651976
13049,64,2,656.68,0,Regular Customers,-0.216603505,-0.450784603
13052,212,1,348.15,2,At-Risk Customers,-1.555110258,0.717818786
13055,78,3,1214.41,0,Regular Customers,0.511808256,0.118210568
13058,25,3,271.4,0,Regular Customers,-0.052379525,-0.912609685
13059,250,1,183.4,2,At-Risk Customers,-1.896111177,1.005612602
13060,254,1,307.53,2,At-Risk Customers,-1.806577307,1.111833037
13061,72,1,248.61,0,Regular Customers,-0.925183793,-0.721651481
13062,191,1,346.98,2,At-Risk Customers,-1.448420831,0.509283606
13064,13,4,1105.59,0,Regular Customers,1.054516734,-0.452650792
13066,24,2,470.8,0,Regular Customers,-0.176210302,-0.946557946
13067,82,1,115.46,0,Regular Customers,-1.094532595,-0.694108004
13068,10,2,344,0,Regular Customers,-0.216812935,-1.153214793
13070,192,1,228.8,2,At-Risk Customers,-1.558328675,0.45575819
13072,267,1,177.15,2,At-Risk Customers,-1.988859772,1.170564176
13075,130,1,919.61,0,Regular Customers,-0.627808409,0.212686056
13077,1,4,728.02,0,Regular Customers,0.781322553,-0.774092143
13079,4,5,220.1,0,Regular Customers,0.621360822,-0.885922104
13080,179,1,58.08,2,At-Risk Customers,-1.643000481,0.235430361
13083,4,2,303.75,0,Regular Customers,-0.221719383,-1.234218549
13085,158,2,416.08,2,At-Risk Customers,-0.912124106,0.350720791
13091,28,1,345.82,0,Regular Customers,-0.613284546,-1.105095262
13092,71,5,477.83,0,Regular Customers,0.506163777,-0.084278416
13095,71,1,74.4,0,Regular Customers,-1.074507961,-0.825048204
13099,99,1,207.36,0,Regular Customers,-1.100261723,-0.476480524
13101,234,1,101.19,2,At-Risk Customers,-1.886920772,0.803085972
13103,40,1,243.94,0,Regular Customers,-0.765169159,-1.040968868
13104,3,6,1098.48,1,Loyal Customers,1.711007495,-0.293343178
13106,133,1,76.5,2,At-Risk Customers,-1.390696499,-0.210099741
13107,44,4,1531.62,1,Loyal Customers,1.273208336,0.082905012
13109,60,2,786.54,0,Regular Customers,-0.080950676,-0.42069171
13110,31,7,1488.67,1,Loyal Customers,2.219061012,0.324340159
13115,12,4,2294.78,1,Loyal Customers,2.113978525,0.175672603
13116,138,1,501.14,2,At-Risk Customers,-1.039861296,0.067301085
13117,22,8,984.91,1,Loyal Customers,2.124345664,0.095938673
13118,20,5,1197.81,1,Loyal Customers,1.406117774,-0.202791568
13120,239,1,30.6,2,At-Risk Customers,-1.97515486,0.814702909
13121,269,1,283.73,2,At-Risk Customers,-1.904625984,1.24756505
13122,94,2,922.39,0,Regular Customers,-0.134921243,-0.011170929
13126,5,8,2099.64,1,Loyal Customers,3.199868983,0.525894769
13127,78,1,259.17,0,Regular Customers,-0.946600402,-0.656581985
13130,94,1,64,0,Regular Customers,-1.201715002,-0.602921812
13131,23,3,1073.3,0,Regular Customers,0.668842069,-0.502040445
13132,262,1,77.3,2,At-Risk Customers,-2.051737228,1.067474174
13133,274,2,109.8,2,At-Risk Customers,-1.778732969,1.334784131
13134,86,4,1793.58,1,Loyal Customers,1.290007721,0.639310252
13136,56,5,2607.61,1,Loyal Customers,2.4713674,0.910243301
13138,22,6,962.39,1,Loyal Customers,1.492883493,-0.178274454
13140,108,3,422.47,0,Regular Customers,-0.344218496,-0.009803588
13141,85,5,2388.75,1,Loyal Customers,2.128561338,1.079893832
13142,19,1,307.09,0,Regular Customers,-0.601453831,-1.214984289
13145,40,4,618.52,0,Regular Customers,0.484176257,-0.446745981
13146,26,1,228.91,0,Regular Customers,-0.706676877,-1.187640121
13147,10,4,712.8,0,Regular Customers,0.721659946,-0.693157421
13149,14,4,1676.06,1,Loyal Customers,1.555163716,-0.136586169
13151,296,1,1257.87,2,At-Risk Customers,-1.179462477,2.037683411
13153,6,1,486.22,0,Regular Customers,-0.375949777,-1.247551898
13155,33,4,971.76,0,Regular Customers,0.833266596,-0.326468808
13157,49,4,1741.22,1,Loyal Customers,1.433389782,0.244896498
13158,95,4,1201.06,1,Loyal Customers,0.718512831,0.410415118
13159,9,4,1429.35,1,Loyal Customers,1.362080666,-0.318494138
13160,22,1,91.8,0,Regular Customers,-0.807718773,-1.300826765
13161,313,1,112.75,2,At-Risk Customers,-2.281929471,1.591417374
13162,122,4,1688.29,1,Loyal Customers,1.011983532,0.939214833
13165,46,2,1021.48,0,Regular Customers,0.199164186,-0.433207119
13166,283,1,417.2,2,At-Risk Customers,-1.858109751,1.457801605
13167,19,4,791.33,0,Regular Customers,0.745115781,-0.561908221
13168,36,4,1299.59,1,Loyal Customers,1.108530061,-0.120825417
13169,64,2,712.88,0,Regular Customers,-0.16677677,-0.42062275
13170,27,1,108.81,0,Regular Customers,-0.818286988,-1.242195978
13171,22,3,468.41,0,Regular Customers,0.137678429,-0.836577861
13173,4,2,353.65,0,Regular Customers,-0.177478207,-1.207437829
13174,16,3,2742.82,1,Loyal Customers,2.184941929,0.324668118
13176,46,1,481.49,0,Regular Customers,-0.58533718,-0.854076613
13177,65,1,282.45,0,Regular Customers,-0.859272445,-0.772792385
13182,45,1,121.18,0,Regular Customers,-0.899656997,-1.057350932
13184,15,10,1668.95,1,Loyal Customers,3.378218208,0.655879082
13185,268,1,71.4,2,At-Risk Customers,-2.087747219,1.123709789
13186,40,3,1575.89,1,Loyal Customers,1.027229346,-0.064000661
13188,11,1,114.6,0,Regular Customers,-0.731076072,-1.397494083
13189,19,2,260.68,0,Regular Customers,-0.336852778,-1.10882851
13192,95,2,911.94,0,Regular Customers,-0.149316024,-0.006878971
13193,61,1,112.08,0,Regular Customers,-0.989802547,-0.903829263
13194,136,1,60.7,2,At-Risk Customers,-1.420094262,-0.188878372
13196,11,4,1797.78,1,Loyal Customers,1.678469803,-0.100961569
13200,19,4,870.09,0,Regular Customers,0.814944138,-0.519638691
13203,10,4,869.46,0,Regular Customers,0.860554187,-0.609079914
13207,15,2,250.26,0,Regular Customers,-0.325571736,-1.154022178
13208,59,6,1217.65,1,Loyal Customers,1.529391904,0.32503325
13210,94,1,353.48,0,Regular Customers,-0.945062986,-0.447561433
13211,10,3,1095.42,0,Regular Customers,0.755141574,-0.618873402
13212,20,3,786.83,0,Regular Customers,0.430248244,-0.68548643
13213,57,5,1520.58,1,Loyal Customers,1.50248033,0.336747929
13216,268,1,333.74,2,At-Risk Customers,-1.855157437,1.264504461
13217,122,3,533.98,0,Regular Customers,-0.317171926,0.188647303
13218,127,1,62.64,0,Regular Customers,-1.372205659,-0.276940307
13220,78,4,819.29,0,Regular Customers,0.467244169,0.037217952
13221,240,2,847.41,2,At-Risk Customers,-0.950355637,1.394038659
13223,200,2,163.2,2,At-Risk Customers,-1.351780173,0.630817694
13224,60,2,2155.95,1,Loyal Customers,1.133163729,0.314253902
13226,273,1,108.21,2,At-Risk Customers,-2.080760819,1.192966993
13227,202,1,257.7,2,At-Risk Customers,-1.58400448,0.570271921
13228,81,1,358,0,Regular Customers,-0.874367583,-0.573840095
13229,226,1,160.95,2,At-Risk Customers,-1.792898993,0.75595567
13232,13,7,1328.35,1,Loyal Customers,2.169259037,0.060092155
13233,74,2,605.12,0,Regular Customers,-0.313614882,-0.37945277
13235,212,1,1031.07,2,At-Risk Customers,-0.94963563,1.084333604
13236,25,2,744.85,0,Regular Customers,0.061631682,-0.789578315
13238,17,4,700.73,0,Regular Customers,0.675049809,-0.630332825
13239,262,1,329.56,2,At-Risk Customers,-1.828084341,1.202859033
13240,96,4,663.65,0,Regular Customers,0.236917046,0.131894084
13242,112,3,270.4,0,Regular Customers,-0.499562638,-0.051816317
13243,203,1,585.12,2,At-Risk Customers,-1.29884483,0.75589458
13244,93,1,121.74,0,Regular Customers,-1.145393063,-0.581833805
13245,51,1,430.5,0,Regular Customers,-0.656193971,-0.831940595
13246,18,6,1961.52,1,Loyal Customers,2.399228247,0.318345025
13247,18,4,501.12,0,Regular Customers,0.492946394,-0.727560727
13248,125,2,465.68,0,Regular Customers,-0.698864023,0.050629104
13249,92,3,711.41,0,Regular Customers,-0.005967721,-0.013138549
13253,157,2,1030.4,2,At-Risk Customers,-0.362340168,0.670518482
13255,9,2,399.51,0,Regular Customers,-0.162468106,-1.1333236
13258,12,3,672.83,0,Regular Customers,0.370214979,-0.8258716
13259,62,1,283.18,0,Regular Customers,-0.843235694,-0.802101639
13260,61,1,557.62,0,Regular Customers,-0.594788247,-0.66471339
13261,269,2,944.1,2,At-Risk Customers,-1.013396106,1.733041019
13262,263,1,200.29,2,At-Risk Customers,-1.947824544,1.143381749
13265,53,5,2092.66,1,Loyal Customers,2.030203958,0.604174892
13271,37,1,211.49,0,Regular Customers,-0.778549687,-1.088085422
13272,31,2,276.56,0,Regular Customers,-0.384331763,-0.981501762
13273,113,1,138.98,0,Regular Customers,-1.232705036,-0.374574398
13276,64,2,590.93,0,Regular Customers,-0.274897239,-0.486071825
13277,16,4,258.4,0,Regular Customers,0.288011329,-0.877626276
13278,41,1,542.73,0,Regular Customers,-0.505392772,-0.87071158
13279,78,1,137.75,0,Regular Customers,-1.054250974,-0.721746615
13280,122,3,798.46,0,Regular Customers,-0.082684828,0.330590486
13282,18,3,1132.14,0,Regular Customers,0.746658645,-0.519963463
13283,60,2,93.66,0,Regular Customers,-0.695255807,-0.792551939
13285,23,4,2709.12,1,Loyal Customers,2.424902712,0.506947618
13291,156,1,361.11,2,At-Risk Customers,-1.256348644,0.170354913
13292,39,2,578.94,0,Regular Customers,-0.157281408,-0.740015348
13294,190,2,873.74,2,At-Risk Customers,-0.670519294,0.913152375
13296,137,1,87.4,2,At-Risk Customers,-1.401551975,-0.164648463
13297,8,4,2089.85,1,Loyal Customers,1.95280764,0.026087795
13298,1,1,360,0,Regular Customers,-0.462206789,-1.364794357
13299,268,1,142.5,2,At-Risk Customers,-2.024710193,1.16186829
13300,169,1,371.89,2,At-Risk Customers,-1.313479116,0.304844899
13301,104,4,618.09,0,Regular Customers,0.15548494,0.186645353
13302,155,1,63.75,2,At-Risk Customers,-1.514857197,0.00086509
13305,4,10,2000.86,1,Loyal Customers,3.728916818,0.725107323
13307,120,1,15,0,Regular Customers,-1.378534212,-0.371810531
13308,23,3,1385.51,0,Regular Customers,0.945646429,-0.334481153
13309,7,5,1456.79,1,Loyal Customers,1.702416576,-0.192504657
13310,28,3,1132.03,0,Regular Customers,0.695262669,-0.421019044
13311,4,2,598.57,0,Regular Customers,0.03966706,-1.075992258
13313,22,5,1555.32,1,Loyal Customers,1.712825275,0.008880371
13314,2,3,775.94,0,Regular Customers,0.512930416,-0.869537178
13317,66,6,2273.68,1,Loyal Customers,2.429755716,0.961094064
13318,1,3,640.76,0,Regular Customers,0.398210117,-0.951986977
13320,78,4,1532.2,1,Loyal Customers,1.099307832,0.419828037
13321,72,2,567.36,0,Regular Customers,-0.336833084,-0.419518792
13322,17,1,199.48,0,Regular Customers,-0.686600814,-1.292537952
13323,3,5,787.85,0,Regular Customers,1.129855951,-0.591117962
13325,82,1,675.3,0,Regular Customers,-0.598180291,-0.393648717
13328,316,1,1308.48,2,At-Risk Customers,-1.237188718,2.262852089
13329,32,2,789,0,Regular Customers,0.064866012,-0.696581131
13330,93,3,1140.93,0,Regular Customers,0.369713454,0.227279932
13332,14,1,350.9,0,Regular Customers,-0.536962804,-1.240973725
13336,77,1,795.12,0,Regular Customers,-0.466299048,-0.378844515
13338,158,1,487.02,2,At-Risk Customers,-1.154976942,0.257729963
13339,201,1,860.12,2,At-Risk Customers,-1.044771043,0.883683028
13341,261,1,775.85,2,At-Risk Customers,-1.427275249,1.432477077
13343,178,1,353.43,2,At-Risk Customers,-1.376014297,0.384040751
13344,68,3,2511.69,1,Loyal Customers,1.71327089,0.715441436
13345,288,1,389.5,2,At-Risk Customers,-1.908317705,1.492437081
13347,70,1,341.36,0,Regular Customers,-0.832692258,-0.69167438
13348,64,1,233.76,0,Regular Customers,-0.897310994,-0.808824058
13349,11,1,247.32,0,Regular Customers,-0.613406957,-1.326264881
13350,16,2,979.12,0,Regular Customers,0.3155033,-0.752951578
13351,66,1,373.94,0,Regular Customers,-0.783287557,-0.713790474
13352,60,1,397.98,0,Regular Customers,-0.731194702,-0.760290573
13354,71,1,743.53,0,Regular Customers,-0.481259502,-0.46593431
13355,122,1,674.7,0,Regular Customers,-0.80390605,0.002043088
13356,80,1,768.24,0,Regular Customers,-0.505520303,-0.363569646
13357,257,1,609.4,2,At-Risk Customers,-1.554329892,1.303544014
13358,269,1,439.03,2,At-Risk Customers,-1.766937514,1.330912662
13359,64,1,439.56,0,Regular Customers,-0.71484939,-0.698373713
13363,18,2,992.5,0,Regular Customers,0.317106274,-0.725970004
13364,71,1,134.96,0,Regular Customers,-1.020815664,-0.792546392
13365,34,2,2225.37,1,Loyal Customers,1.328087243,0.094101786
13366,50,1,56.16,0,Regular Customers,-0.98295274,-1.042744644
13368,257,2,623.4,2,At-Risk Customers,-1.236169532,1.442121102
13372,90,1,378.64,0,Regular Customers,-0.902236832,-0.47365975
13375,89,1,778.65,0,Regular Customers,-0.542459436,-0.268879617
13376,99,3,1019.76,0,Regular Customers,0.23150546,0.221651546
13379,26,3,572.56,0,Regular Customers,0.209498096,-0.741080447
13382,281,1,222.99,2,At-Risk Customers,-2.020036008,1.33377078
13388,131,2,677.1,0,Regular Customers,-0.542198816,0.223497707
13389,11,3,797.96,0,Regular Customers,0.486284671,-0.768616204
13390,75,1,544.08,0,Regular Customers,-0.678610597,-0.533375306
13391,204,1,59.8,2,At-Risk Customers,-1.76972166,0.483862101
13394,2,8,2520.02,1,Loyal Customers,3.587966045,0.721806541
13395,185,1,307.72,2,At-Risk Customers,-1.452449548,0.428811171
13396,29,2,1360.99,0,Regular Customers,0.587380001,-0.419302124
13397,73,5,1544.13,1,Loyal Customers,1.441282162,0.507792454
13398,192,1,457.34,2,At-Risk Customers,-1.355705862,0.578412815
13402,127,2,621.23,0,Regular Customers,-0.571213595,0.153911579
13403,18,1,75,0,Regular Customers,-0.802094217,-1.349444501
13404,1,2,252.49,0,Regular Customers,-0.251776795,-1.291430201
13405,74,3,572.451,0,Regular Customers,-0.036831104,-0.265922364
13410,24,5,1003.06,1,Loyal Customers,1.212933684,-0.267710131
13411,107,1,213.55,0,Regular Customers,-1.135812449,-0.393955663
13414,134,3,1390.5,0,Regular Customers,0.38065775,0.767135265
13416,44,2,712.5,0,Regular Customers,-0.064516777,-0.6188336
13417,5,2,640.83,0,Regular Customers,0.072004793,-1.043411487
13419,64,1,221.06,0,Regular Customers,-0.908570772,-0.815639993
13420,150,2,159.85,2,At-Risk Customers,-1.098258022,0.134002517
13421,40,2,1833.71,1,Loyal Customers,0.950063705,-0.056695277
13422,64,1,2626.3,1,Loyal Customers,1.223907107,0.475222922
13425,108,3,1624.21,1,Loyal Customers,0.721240239,0.635155584
13427,19,3,582.6,0,Regular Customers,0.254308442,-0.80499452
13428,10,1,201.78,0,Regular Customers,-0.648652726,-1.360605988
13429,11,4,1006.8,0,Regular Customers,0.977189535,-0.525470869
13430,19,2,679.45,0,Regular Customers,0.034427327,-0.884079768
13431,67,2,1269.1,0,Regular Customers,0.310976519,-0.092405237
13434,74,2,534.24,0,Regular Customers,-0.376456857,-0.4174932
13436,2,1,196.89,0,Regular Customers,-0.611949424,-1.442433155
13439,255,1,283.71,2,At-Risk Customers,-1.832825886,1.10894948
13441,92,1,296.64,0,Regular Customers,-0.985197453,-0.497867457
13447,23,3,1129.14,0,Regular Customers,0.71834963,-0.472071799
13449,24,1,291.88,0,Regular Customers,-0.640588192,-1.173645583
13450,27,6,2043.72,1,Loyal Customers,2.425937892,0.45156387
13451,26,5,2898.26,1,Loyal Customers,2.882952085,0.76922124
13452,259,2,590,2,At-Risk Customers,-1.276041552,1.443996421
13453,166,2,356.98,2,At-Risk Customers,-1.005560732,0.398205307
13455,25,2,1058.34,0,Regular Customers,0.339570886,-0.621332063
13456,18,6,1766.72,1,Loyal Customers,2.226519207,0.213798245
13460,29,2,183.44,0,Regular Customers,-0.456631958,-1.051278819
13461,39,3,1445,0,Regular Customers,0.916312548,-0.14414807
13462,253,1,151.5,2,At-Risk Customers,-1.939783147,1.018193298
13464,58,1,674.68,0,Regular Customers,-0.475613701,-0.631589755
13466,184,1,307.9,2,At-Risk Customers,-1.447160115,0.41900743
13467,11,2,1071.91,0,Regular Customers,0.423419834,-0.752654046
13470,99,2,165,0,Regular Customers,-0.832069953,-0.368151159
13471,1,4,2501.84,1,Loyal Customers,2.353985535,0.177895375
13473,61,2,422.64,0,Regular Customers,-0.408713065,-0.606092047
13474,236,1,226.84,2,At-Risk Customers,-1.785779585,0.890321482
13475,191,4,1431.78,2,At-Risk Customers,0.430603304,1.484672887
13476,179,2,1238.47,2,At-Risk Customers,-0.29072258,0.999994709
13477,38,6,1454.58,1,Loyal Customers,1.847180009,0.244283431
13479,201,2,300.95,2,At-Risk Customers,-1.234781321,0.714646782
13481,46,5,1804.56,1,Loyal Customers,1.81068436,0.380252725
13482,232,1,184.64,2,At-Risk Customers,-1.802674587,0.828071876
13483,66,1,140.34,0,Regular Customers,-0.990396549,-0.839160739
13484,241,1,313.8,2,At-Risk Customers,-1.73433036,0.986493579
13485,233,1,454.24,2,At-Risk Customers,-1.568777958,0.982663247
13486,78,3,1122.41,0,Regular Customers,0.430241358,0.068835292
13487,58,3,575.4,0,Regular Customers,0.04786099,-0.422745199
13489,105,4,449.52,0,Regular Customers,0.000901487,0.106076239
13491,52,10,1215.82,1,Loyal Customers,2.786670373,0.77900253
13492,136,3,1269.84,0,Regular Customers,0.263421301,0.722179208
13493,275,2,618.63,2,At-Risk Customers,-1.332735808,1.61776732
13494,312,1,316.26,2,At-Risk Customers,-2.096368328,1.690738359
13495,8,5,2044.87,1,Loyal Customers,2.218676527,0.133011038
13496,11,2,653.33,0,Regular Customers,0.052308181,-0.977300817
13497,283,2,348.05,2,At-Risk Customers,-1.613669907,1.551753104
13499,18,5,1159.11,1,Loyal Customers,1.382066172,-0.243362076
13500,23,3,1166.77,0,Regular Customers,0.751712264,-0.451876238
13501,288,1,1340.32,2,At-Risk Customers,-1.065323818,2.002730555
13502,17,3,292,0,Regular Customers,0.006923127,-0.98075668
13503,71,1,216.85,0,Regular Customers,-0.948212259,-0.74859703
13504,64,1,295.93,0,Regular Customers,-0.842191276,-0.775458179
13506,316,2,458.52,2,At-Risk Customers,-1.685012453,1.937752403
13507,3,4,2479.16,1,Loyal Customers,2.323617832,0.185523987
13508,244,1,110.97,2,At-Risk Customers,-1.929548307,0.907338233
13509,9,7,979.72,1,Loyal Customers,1.880684205,-0.166614687
13510,1,4,1791.56,1,Loyal Customers,1.724253622,-0.203303221
13512,261,1,251.21,2,At-Risk Customers,-1.892419349,1.1509092
13513,127,1,205.1,0,Regular Customers,-1.245901092,-0.200483766
13514,74,1,152.2,0,Regular Customers,-1.020920272,-0.753592859
13515,73,4,891.12,0,Regular Customers,0.556577636,0.026266508
13516,21,3,1389.41,0,Regular Customers,0.959363847,-0.352188762
13517,60,3,2128.42,1,Loyal Customers,1.414503728,0.430542347
13518,86,1,627.16,0,Regular Customers,-0.661380437,-0.379883485
13519,78,1,122.75,0,Regular Customers,-1.067549925,-0.729796932
13521,1,3,1071.73,0,Regular Customers,0.780306703,-0.720690645
13522,30,1,125.8,0,Regular Customers,-0.818613245,-1.203376616
13524,41,5,680.18,0,Regular Customers,0.839461972,-0.272690008
13525,15,2,628.78,0,Regular Customers,0.010022852,-0.95087512
13527,34,7,2242.36,1,Loyal Customers,2.871890554,0.758537408
13529,79,2,307.76,0,Regular Customers,-0.602902506,-0.489540521
13531,205,2,483.8,2,At-Risk Customers,-1.093186492,0.852381524
13532,34,1,210.31,0,Regular Customers,-0.764206336,-1.11841975
13533,183,3,269.09,2,At-Risk Customers,-0.864943076,0.65040515
13538,43,7,1280.85,1,Loyal Customers,1.973250343,0.33160985
13539,86,3,631.34,0,Regular Customers,-0.04617845,-0.115513212
13544,40,2,276.06,0,Regular Customers,-0.430943666,-0.892666997
13546,12,3,621.09,0,Regular Customers,0.324342465,-0.853639826
13548,96,2,678.16,0,Regular Customers,-0.361714448,-0.122445495
13549,26,7,918.2,1,Loyal Customers,1.73893341,-0.031325846
13551,319,1,91.8,2,At-Risk Customers,-2.331282742,1.639575838
13557,28,2,584.06,0,Regular Customers,-0.096313738,-0.846171306
13558,6,4,594.52,0,Regular Customers,0.637312667,-0.796238234
13560,7,1,171.42,0,Regular Customers,-0.660180267,-1.406600866
13561,216,1,141.86,2,At-Risk Customers,-1.758525674,0.646706845
13562,82,3,1799.33,1,Loyal Customers,1.009877025,0.471731366
13563,84,2,777.53,0,Regular Customers,-0.212055193,-0.187918976
13564,144,3,1724.67,1,Loyal Customers,0.625633324,1.045483675
13565,19,2,240.22,0,Regular Customers,-0.354992547,-1.119809142
13566,41,2,856.84,0,Regular Customers,0.078844128,-0.571069123
13568,173,1,187.05,2,At-Risk Customers,-1.497877033,0.245244911
13569,17,2,338.62,0,Regular Customers,-0.25749174,-1.086799755
13570,243,1,239.49,2,At-Risk Customers,-1.810473052,0.966413001
13572,206,1,1384.25,2,At-Risk Customers,-0.605728333,1.214478921
13573,50,2,290.25,0,Regular Customers,-0.469661309,-0.786047943
13575,23,5,732.07,0,Regular Customers,0.977804686,-0.423047498
13577,25,4,1687.6,1,Loyal Customers,1.508966747,-0.021488992
13579,15,2,467.04,0,Regular Customers,-0.1333753,-1.037679001
13581,309,1,118,2,At-Risk Customers,-2.256755458,1.554633603
13583,156,1,781.03,2,At-Risk Customers,-0.884048952,0.395720846
13584,307,1,142.4,2,At-Risk Customers,-2.224862808,1.547928094
13587,64,1,712.4,0,Regular Customers,-0.472950343,-0.551943819
13588,16,9,2478.95,1,Loyal Customers,3.785483694,0.96943307
13589,15,2,379.65,0,Regular Customers,-0.210854987,-1.084580146
13590,11,6,1981.92,1,Loyal Customers,2.453223735,0.259991037
13591,65,3,1117.13,0,Regular Customers,0.492248113,-0.06270291
13592,36,4,247.96,0,Regular Customers,0.176158359,-0.685222387
13593,108,5,2011.88,1,Loyal Customers,1.6764432,1.105340254
13594,53,1,396.97,0,Regular Customers,-0.696181249,-0.830135046
13596,6,2,664.11,0,Regular Customers,0.087514919,-1.02101705
13598,47,1,160.04,0,Regular Customers,-0.875463538,-1.016694554
13600,312,1,219.52,2,At-Risk Customers,-2.182137694,1.638819183
13601,45,2,693.32,0,Regular Customers,-0.086651546,-0.619226927
13602,65,1,428.89,0,Regular Customers,-0.729439222,-0.694199826
13603,26,1,164.34,0,Regular Customers,-0.763924427,-1.222294051
13606,29,3,276.75,0,Regular Customers,-0.068155613,-0.870137023
13607,40,1,675.51,0,Regular Customers,-0.382540615,-0.809350522
13610,12,7,1082.33,1,Loyal Customers,1.956268359,-0.081844118
13611,89,3,1154.4,0,Regular Customers,0.402175292,0.194907734
13614,24,4,1585.46,1,Loyal Customers,1.423539604,-0.086206627
13615,319,1,417.69,2,At-Risk Customers,-2.042349739,1.814477018
13617,40,3,544.18,0,Regular Customers,0.112518651,-0.61770681
13618,174,1,177.34,2,At-Risk Customers,-1.511615732,0.249934018
13621,117,1,213.85,0,Regular Customers,-1.18684492,-0.294791202
13623,31,5,727.74,0,Regular Customers,0.932926962,-0.346168592
13626,253,1,257.23,2,At-Risk Customers,-1.846043277,1.074937297
13627,59,5,1638.47,1,Loyal Customers,1.596741527,0.419818743
13630,5,7,2031.78,1,Loyal Customers,2.833956524,0.358411677
13632,25,5,2118.93,1,Loyal Customers,2.197130514,0.341064007
13634,33,5,1547.36,1,Loyal Customers,1.64933967,0.113512137
13635,68,1,1071.03,0,Regular Customers,-0.175509544,-0.319870099
13636,37,5,949.12,1,Loyal Customers,1.098422672,-0.167954579
13637,52,3,804.3,0,Regular Customers,0.281582048,-0.359299439
13638,16,1,122.64,0,Regular Customers,-0.74959706,-1.343677386
13639,74,1,1033.34,0,Regular Customers,-0.239704444,-0.280695789
13642,216,1,312.28,2,At-Risk Customers,-1.607431862,0.738169177
13643,31,3,519.44,0,Regular Customers,0.136752854,-0.720087575
13644,16,4,2624.26,1,Loyal Customers,2.38557503,0.392101875
13645,120,1,252.1,0,Regular Customers,-1.168322131,-0.244561858
13647,10,4,1648.12,1,Loyal Customers,1.550911584,-0.191182607
13649,257,2,346.6,2,At-Risk Customers,-1.481579502,1.293565925
13650,17,6,1836.34,1,Loyal Customers,2.293373915,0.241262103
13651,35,2,94.2,0,Regular Customers,-0.566530919,-1.039770764
13652,46,3,1095.08,0,Regular Customers,0.570165711,-0.26264344
13654,43,6,2707.33,1,Loyal Customers,2.932214816,0.966120774
13655,114,2,932.97,0,Regular Customers,-0.22813795,0.192514137
13656,165,2,379.65,2,At-Risk Customers,-0.980331739,0.400471673
13657,11,2,382.14,0,Regular Customers,-0.188127981,-1.122845176
13658,10,5,2639.17,1,Loyal Customers,2.735321263,0.471765276
13659,206,2,1563,2,At-Risk Customers,-0.141501164,1.441475321
13662,86,3,881.26,0,Regular Customers,0.175399801,0.018615798
13663,179,1,189.47,2,At-Risk Customers,-1.526510539,0.305945768
13666,60,3,84.65,0,Regular Customers,-0.397496037,-0.666324036
13667,149,1,299.05,2,At-Risk Customers,-1.275461921,0.067745651
13669,51,2,218.55,0,Regular Customers,-0.538360138,-0.814628111
13670,75,1,349.7,0,Regular Customers,-0.850947266,-0.637696677
13672,301,2,186.39,2,At-Risk Customers,-1.849334342,1.643198376
13673,19,2,387.44,0,Regular Customers,-0.224467779,-1.040797967
13675,151,2,486.82,2,At-Risk Customers,-0.813497339,0.319383666
13678,152,1,232.6,2,At-Risk Customers,-1.349765807,0.061783785
13681,18,4,827.83,0,Regular Customers,0.782606406,-0.552219462
13682,187,1,59.5,2,At-Risk Customers,-1.682780274,0.315395221
13684,286,1,65.13,2,At-Risk Customers,-2.185643391,1.298550975
13686,183,1,72,2,At-Risk Customers,-1.651178435,0.282502437
13689,63,1,910,0,Regular Customers,-0.292628987,-0.455794659
13690,59,1,172.25,0,Regular Customers,-0.926196333,-0.891337451
13692,25,3,1488.32,1,Loyal Customers,1.026537747,-0.259503592
13697,39,1,151.3,0,Regular Customers,-0.842173633,-1.100587969
13699,155,1,308.58,2,At-Risk Customers,-1.297791724,0.132262359
13700,26,10,2248.63,1,Loyal Customers,3.835732295,1.075890054
13703,318,1,99.5,2,At-Risk Customers,-2.319326102,1.633807988
13704,5,9,2308.06,1,Loyal Customers,3.690401477,0.768814695
13705,8,3,711.86,0,Regular Customers,0.425338229,-0.844526058
13706,303,1,330.79,2,At-Risk Customers,-2.037317473,1.609433323
13707,267,2,806.41,2,At-Risk Customers,-1.125211917,1.639343787
13708,271,1,285.33,2,At-Risk Customers,-1.913467119,1.268224442
13710,32,1,180.48,0,Regular Customers,-0.780393826,-1.154229838
13711,219,2,252.06,2,At-Risk Customers,-1.370464245,0.866614334
13712,247,1,228.84,2,At-Risk Customers,-1.840434687,1.000298658
13715,281,5,1077.39,2,At-Risk Customers,-0.03953575,2.316570656
13716,269,1,138.28,2,At-Risk Customers,-2.033581476,1.169503813
13717,32,6,1445.01,1,Loyal Customers,1.869474348,0.179745256
13718,246,2,306.55,2,At-Risk Customers,-1.460659405,1.163167779
13719,15,5,1041.68,1,Loyal Customers,1.293342655,-0.336086358
13720,117,4,799.9,0,Regular Customers,0.249989103,0.412925049
13721,36,1,524.14,0,Regular Customers,-0.49622538,-0.930190334
13722,132,3,2375.41,1,Loyal Customers,1.264135409,1.275923735
13723,217,1,199.85,2,At-Risk Customers,-1.712241775,0.687729715
13725,50,8,1980.56,1,Loyal Customers,2.863450021,0.907501534
13726,39,2,1079.66,0,Regular Customers,0.286655298,-0.471285043
13727,29,2,333.48,0,Regular Customers,-0.323606988,-0.970754185
13728,37,6,1016.14,1,Loyal Customers,1.463590391,-0.000922304
13730,136,2,752.6,0,Regular Customers,-0.50090999,0.313519362
13731,219,2,610.59,2,At-Risk Customers,-1.052592725,1.059033004
13732,28,1,491.86,0,Regular Customers,-0.483805962,-1.026717379
13735,25,4,2883.54,1,Loyal Customers,2.56928322,0.620357391
13736,5,2,729.8,0,Regular Customers,0.150885302,-0.995662375
13737,200,1,339.6,2,At-Risk Customers,-1.50113252,0.59442596
13739,18,1,216.9,0,Regular Customers,-0.676286144,-1.273288505
13740,241,1,350.75,2,At-Risk Customers,-1.701570612,1.006324192
13741,72,3,668.43,0,Regular Customers,0.058523252,-0.234212299
13743,3,7,1341.6,1,Loyal Customers,2.232304894,-0.031800186
13744,95,2,1080.52,0,Regular Customers,0.00014645,0.083595855
13745,162,1,300.04,2,At-Risk Customers,-1.341272175,0.196981463
13748,96,5,948.25,1,Loyal Customers,0.794990478,0.415698885
13750,54,5,1647.26,1,Loyal Customers,1.630183937,0.375034501
13751,288,1,296.25,2,At-Risk Customers,-1.990992848,1.442390945
13752,124,6,1175.38,1,Loyal Customers,1.158475535,0.945869913
13753,288,1,741.26,2,At-Risk Customers,-1.596448445,1.681222374
13754,152,2,282.6,2,At-Risk Customers,-0.999687965,0.219681633
13755,4,9,2108.06,1,Loyal Customers,3.518211979,0.651576793
13759,33,2,659.41,0,Regular Customers,-0.055157901,-0.756230155
13760,54,2,286.79,0,Regular Customers,-0.493248313,-0.7483035
13761,50,2,1070.65,0,Regular Customers,0.222238766,-0.367216799
13762,219,1,306.72,2,At-Risk Customers,-1.627750875,0.764886229
13763,63,1,1714.96,0,Regular Customers,0.421045903,-0.023782464
13764,71,3,1519.42,1,Loyal Customers,0.818138035,0.212603289
13769,2,10,2796.51,1,Loyal Customers,4.444597183,1.132322264
13771,64,4,2634.45,1,Loyal Customers,2.148376889,0.872787305
13772,34,3,1122.63,0,Regular Customers,0.65614959,-0.366661837
13774,82,1,345,0,Regular Customers,-0.891023186,-0.570916691
13778,103,1,178.7,0,Regular Customers,-1.146190964,-0.452260614
13780,7,2,360.01,0,Regular Customers,-0.187228986,-1.174323458
13781,251,1,127.84,2,At-Risk Customers,-1.950500335,0.985694574
13782,13,6,908.86,1,Loyal Customers,1.491592576,-0.29610646
13784,10,11,2462.79,1,Loyal Customers,4.413431374,1.163485041
13787,76,2,309.04,0,Regular Customers,-0.586378127,-0.518554597
13790,4,1,348.8,0,Regular Customers,-0.487526207,-1.341104224
13791,128,2,1516,0,Regular Customers,0.216956702,0.644024049
13792,66,2,195.55,0,Regular Customers,-0.635699538,-0.678466748
13799,117,2,688.86,0,Regular Customers,-0.459954609,0.091204319
13800,310,1,558.32,2,At-Risk Customers,-1.871499038,1.800848312
13801,67,1,324.8,0,Regular Customers,-0.831984764,-0.730262966
13803,255,1,277.07,2,At-Risk Customers,-1.838712888,1.105385873
13804,31,7,2588.39,1,Loyal Customers,3.19406915,0.914546444
13805,52,2,924.6,0,Regular Customers,0.082491626,-0.425799359
13806,64,1,256.38,0,Regular Customers,-0.877256176,-0.79668418
13808,6,5,1747.66,1,Loyal Customers,1.965430807,-0.046298628
13809,305,1,155.05,2,At-Risk Customers,-2.203387669,1.534916503
13810,29,3,1499.01,1,Loyal Customers,1.015496086,-0.214165018
13811,184,3,814.5,2,At-Risk Customers,-0.386514207,0.953020377
13812,42,3,539,0,Regular Customers,0.09766639,-0.600686162
13813,40,4,1366.86,1,Loyal Customers,1.147652042,-0.045121048
13814,92,2,1579.12,0,Regular Customers,0.457593107,0.321487345
13816,24,2,571.67,0,Regular Customers,-0.086779291,-0.89242225
13817,29,2,382.98,0,Regular Customers,-0.27972045,-0.94418814
13819,302,3,1140.35,2,At-Risk Customers,-0.70293838,2.296140855
13821,145,2,385.64,2,At-Risk Customers,-0.872424125,0.205679524
13822,6,2,632,0,Regular Customers,0.059046299,-1.038250094
13823,19,2,957.66,0,Regular Customers,0.281087399,-0.734767861
13824,33,5,1698.94,1,Loyal Customers,1.78373,0.19486327
13826,176,1,189.5,2,At-Risk Customers,-1.511094406,0.276260833
13827,58,3,409.8,0,Regular Customers,-0.098959425,-0.511620696
13828,22,1,209.49,0,Regular Customers,-0.703375206,-1.23766398
13831,16,6,2198.45,1,Loyal Customers,2.619549296,0.42570177
13832,19,1,52.2,0,Regular Customers,-0.827438468,-1.351780637
13833,159,1,383.85,2,At-Risk Customers,-1.251576969,0.21226023
13835,25,4,834.57,0,Regular Customers,0.752673153,-0.479299768
13837,212,2,266.59,2,At-Risk Customers,-1.321673079,0.80510999
13838,6,4,674.82,0,Regular Customers,0.708506383,-0.753142205
13841,253,1,85,2,At-Risk Customers,-1.998741829,0.98250356
13844,11,1,361.62,0,Regular Customers,-0.512068952,-1.264921468
13845,65,1,312.98,0,Regular Customers,-0.832204647,-0.756407307
13846,25,3,865.06,0,Regular Customers,0.47395748,-0.593999617
13848,92,3,1255,0,Regular Customers,0.475977386,0.278599561
13849,52,2,1537.95,0,Regular Customers,0.62628572,-0.096621909
13850,129,1,1595.48,0,Regular Customers,-0.023454443,0.56551688
13851,96,3,2651.46,1,Loyal Customers,1.693554853,1.06766396
13853,57,1,1090.14,0,Regular Customers,-0.102138385,-0.418517796
13856,169,3,388.5,2,At-Risk Customers,-0.687256732,0.575886201
13858,57,1,216.17,0,Regular Customers,-0.876997315,-0.887566814
13859,326,1,201.16,2,At-Risk Customers,-2.27023344,1.767570432
13860,1,5,1245.9,1,Loyal Customers,1.546221266,-0.365088816
13862,18,8,2209.36,1,Loyal Customers,3.230458389,0.713484643
13863,248,1,305.78,2,At-Risk Customers,-1.777349781,1.051491761
13865,58,4,501.56,0,Regular Customers,0.288142696,-0.331310766
13866,74,1,145.67,0,Regular Customers,-1.026709748,-0.75709743
13867,31,3,1005.09,0,Regular Customers,0.567328548,-0.459445155
13870,2,8,2770.94,1,Loyal Customers,3.810430892,0.856472239
13873,120,3,389.6,0,Regular Customers,-0.43491907,0.09135963
13875,54,5,1786.79,1,Loyal Customers,1.753890776,0.449918547
13876,64,1,122.7,0,Regular Customers,-0.995776425,-0.868428603
13877,86,1,117.24,0,Regular Customers,-1.113473833,-0.653551318
13878,55,1,1271.57,0,Regular Customers,0.068976546,-0.340947223
13882,3,5,1191.13,1,Loyal Customers,1.487402674,-0.374682515
13883,11,5,2674.48,1,Loyal Customers,2.761497148,0.500616067
13884,7,5,787.6,0,Regular Customers,1.109114922,-0.551650753
13885,189,2,506.8,2,At-Risk Customers,-0.990717247,0.706319815
13886,71,1,243.56,0,Regular Customers,-0.924531261,-0.7342621
13887,204,1,349.55,2,At-Risk Customers,-1.512830262,0.639367385
13888,120,2,595.67,0,Regular Customers,-0.557966092,0.070891421
13889,93,1,416.9,0,Regular Customers,-0.883705177,-0.42342504
13890,1,10,1883.81,1,Loyal Customers,3.640530208,0.632586982
13892,27,4,632.97,0,Regular Customers,0.563675565,-0.567695334
13893,298,1,821.1,2,At-Risk Customers,-1.576961013,1.823074981
13894,24,3,564.62,0,Regular Customers,0.212718208,-0.765142439
13895,28,4,2593.07,1,Loyal Customers,2.296363938,0.494166728
13897,50,1,311.16,0,Regular Customers,-0.756870578,-0.90588926
13898,326,1,155.93,2,At-Risk Customers,-2.31033421,1.743296043
13899,16,2,388.52,0,Regular Customers,-0.208120719,-1.06991938
13900,183,3,740.95,2,At-Risk Customers,-0.44659355,0.903646646
13901,72,5,2867.2,1,Loyal Customers,2.619441521,1.207967609
13904,37,2,332.64,0,Regular Customers,-0.365390489,-0.892002239
13908,80,4,2369.55,1,Loyal Customers,1.8314399,0.88902424
13911,57,9,2580.91,1,Loyal Customers,3.665557449,1.43006792
13914,12,2,626.45,0,Regular Customers,0.023346617,-0.981826639
13917,50,2,272.04,0,Regular Customers,-0.485806235,-0.795821027
13918,50,2,1212.84,0,Regular Customers,0.348303953,-0.290905164
13919,59,2,384.81,0,Regular Customers,-0.431993329,-0.646195637
13923,54,1,351.13,0,Regular Customers,-0.741952687,-0.844836468
13924,2,6,1838.85,1,Loyal Customers,2.372546948,0.094104008
13925,93,4,678.25,0,Regular Customers,0.265250893,0.110028689
13926,23,1,223.85,0,Regular Customers,-0.695773522,-1.220056798
13927,75,1,348.99,0,Regular Customers,-0.85157675,-0.638077725
13928,11,4,464.57,0,Regular Customers,0.496450199,-0.816479083
13929,169,2,842.65,2,At-Risk Customers,-0.590356841,0.688559497
13930,58,2,337.34,0,Regular Customers,-0.46895023,-0.681572551
13931,96,2,1237.53,0,Regular Customers,0.134221155,0.177761549
13932,295,1,307.4,2,At-Risk Customers,-2.01701621,1.517677432
13933,109,2,608.79,0,Regular Customers,-0.489905648,-0.030971035
13934,264,1,922.1,2,At-Risk Customers,-1.313000015,1.540668701
13936,180,1,376.58,2,At-Risk Customers,-1.365749273,0.416265764
13937,169,1,158.85,2,At-Risk Customers,-1.50235968,0.190508934
13938,35,1,71.66,0,Regular Customers,-0.892262816,-1.182931166
13939,23,3,568.55,0,Regular Customers,0.221332378,-0.772933602
13940,17,4,839.14,0,Regular Customers,0.79776366,-0.556049869
13946,79,3,561.57,0,Regular Customers,-0.072127387,-0.222260337
13947,65,1,90.6,0,Regular Customers,-1.029366024,-0.875755935
13949,3,6,2427.32,1,Loyal Customers,2.889152671,0.419829011
13950,11,4,745.06,0,Regular Customers,0.745131711,-0.665943528
13951,176,3,674.45,2,At-Risk Customers,-0.469643317,0.79865449
13954,2,2,439.92,0,Regular Customers,-0.090731818,-1.180938465
13955,154,2,322.96,2,At-Risk Customers,-0.974164612,0.261143043
13956,5,5,1019.27,1,Loyal Customers,1.324772472,-0.447116986
13959,79,3,594.04,0,Regular Customers,-0.043339592,-0.204834084
13960,21,2,230.22,0,Regular Customers,-0.374118204,-1.105375328
13962,22,2,169.55,0,Regular Customers,-0.433037872,-1.128035831
13963,308,4,664.54,2,At-Risk Customers,-0.849821025,2.231244974
13967,146,1,80.7,2,At-Risk Customers,-1.453660778,-0.079141162
13971,19,8,2758.26,1,Loyal Customers,3.71198148,1.01797291
13972,71,2,190.25,0,Regular Customers,-0.666047725,-0.631809466
13973,287,1,264.7,2,At-Risk Customers,-2.01383513,1.4155581
13974,49,1,413.59,0,Regular Customers,-0.660926632,-0.860816677
13975,31,6,2461.24,1,Loyal Customers,2.775590371,0.715243133
13976,207,1,357.98,2,At-Risk Customers,-1.520745787,0.673592699
13978,15,2,196.79,0,Regular Customers,-0.372978062,-1.182718874
13979,73,1,869.87,0,Regular Customers,-0.379506564,-0.378328485
13980,60,1,200.14,0,Regular Customers,-0.906598995,-0.866468883
13982,39,4,1871.81,1,Loyal Customers,1.600468897,0.2159791
13984,27,5,920.51,1,Loyal Customers,1.124355591,-0.282312671
13986,17,1,320.46,0,Regular Customers,-0.579340343,-1.227609464
13989,66,2,1266.08,0,Regular Customers,0.313428842,-0.103926379
13990,213,1,311.3,2,At-Risk Customers,-1.592911192,0.707942186
13991,12,6,852.88,1,Loyal Customers,1.447090737,-0.336050588
13992,30,1,76.8,0,Regular Customers,-0.862056484,-1.229674318
13994,4,6,2274.14,1,Loyal Customers,2.748213942,0.347519522
13995,15,5,1393.69,1,Loyal Customers,1.605433564,-0.147166893
14000,211,1,635.66,2,At-Risk Customers,-1.295074992,0.862221544
14001,46,3,2043.08,1,Loyal Customers,1.410659395,0.246136575
14002,134,2,529.73,0,Regular Customers,-0.688246109,0.174107066
14005,10,5,2874.72,1,Loyal Customers,2.944159119,0.598182082
14006,116,3,962.19,0,Regular Customers,0.093256722,0.359060304
14009,198,2,695.61,2,At-Risk Customers,-0.869487527,0.896754944
14012,278,1,328.8,2,At-Risk Customers,-1.910835675,1.360856678
14013,110,3,473.02,0,Regular Customers,-0.309660722,0.03712667
14014,77,1,505.18,0,Regular Customers,-0.723358899,-0.53445177
14015,53,1,917.34,0,Regular Customers,-0.234822917,-0.550858826
14019,47,3,1421.61,0,Regular Customers,0.85453629,-0.077498433
14020,17,2,642.8,0,Regular Customers,0.012193248,-0.923550066
14021,155,3,631.9,2,At-Risk Customers,-0.399641262,0.56791117
14022,225,1,440,2,At-Risk Customers,-1.540364335,0.895818049
14023,7,2,584.07,0,Regular Customers,0.011421873,-1.054073194
14024,122,2,327.7,0,Regular Customers,-0.805807103,-0.053124112
14027,61,1,104.82,0,Regular Customers,-0.996239239,-0.907725617
14029,63,2,467.66,0,Regular Customers,-0.379058171,-0.562129673
14030,18,8,2358.84,1,Loyal Customers,3.362986866,0.793708732
14032,2,11,2975.59,1,Loyal Customers,4.909116929,1.35949577
14034,22,3,648.89,0,Regular Customers,0.297691403,-0.739716451
14035,29,5,1428.02,1,Loyal Customers,1.564052599,0.009862435
14036,285,1,626.65,2,At-Risk Customers,-1.682671759,1.590011551
14037,176,2,147.2,2,At-Risk Customers,-1.24284944,0.384622399
14038,78,3,1560.38,1,Loyal Customers,0.818544121,0.303888439
14039,33,1,152.2,0,Regular Customers,-0.810596626,-1.159507023
14041,266,1,141.41,2,At-Risk Customers,-2.015416893,1.141482609
14044,27,4,646.42,0,Regular Customers,0.575600291,-0.560476883
14045,109,4,1659.75,1,Loyal Customers,1.053368047,0.795193272
14046,284,1,154.99,2,At-Risk Customers,-2.09571412,1.326977047
14047,9,5,1308.61,1,Loyal Customers,1.560780985,-0.252230362
14048,305,1,409.93,2,At-Risk Customers,-1.977411899,1.671707485
14050,32,2,746.36,0,Regular Customers,0.027061528,-0.719465498
14052,20,1,225.36,0,Regular Customers,-0.679045226,-1.248947436
14053,124,2,260.25,0,Regular Customers,-0.875867741,-0.069523012
14054,65,1,92.46,0,Regular Customers,-1.027716954,-0.874757696
14055,106,1,725.64,0,Regular Customers,-0.676665293,-0.129023564
14059,267,1,183.6,2,At-Risk Customers,-1.983141223,1.174025812
14064,29,5,1334.34,1,Loyal Customers,1.480996218,-0.040414476
14066,267,1,152.55,2,At-Risk Customers,-2.010670051,1.157361656
14067,64,2,374.7,0,Regular Customers,-0.466606047,-0.602119823
14068,320,1,265.85,2,At-Risk Customers,-2.182100429,1.742886691
14071,4,8,1437.57,1,Loyal Customers,2.618009742,0.160669545
14073,32,1,151.04,0,Regular Customers,-0.806495234,-1.170029926
14075,5,3,942.26,0,Regular Customers,0.644999646,-0.75057423
14076,129,1,118.67,0,Regular Customers,-1.332789335,-0.227068999
14077,41,5,499.42,0,Regular Customers,0.67920075,-0.369701691
14078,102,6,1049.37,1,Loyal Customers,1.159612074,0.660434286
14079,125,1,375.1,0,Regular Customers,-1.08491996,-0.129047534
14080,33,1,45.6,0,Regular Customers,-0.905107836,-1.21671794
14081,302,2,921.62,2,At-Risk Customers,-1.202611685,2.047687678
14083,4,9,1002.9,1,Loyal Customers,2.538380755,0.058450927
14087,3,1,191.47,0,Regular Customers,-0.621884623,-1.435441657
14089,57,1,158.75,0,Regular Customers,-0.927905698,-0.918383427
14090,325,1,76.32,2,At-Risk Customers,-2.375786329,1.690669984
14093,12,1,433.86,0,Regular Customers,-0.453151051,-1.216250797
14098,37,1,147.35,0,Regular Customers,-0.835416,-1.122508577
14100,138,1,191.95,2,At-Risk Customers,-1.313988133,-0.09863741
14102,5,5,1105.88,1,Loyal Customers,1.401560614,-0.400634457
14104,155,2,216.21,2,At-Risk Customers,-1.073938656,0.213751968
14105,239,1,1266.23,2,At-Risk Customers,-0.879649363,1.47785043
14107,52,7,2703.23,1,Loyal Customers,3.188159171,1.184086923
14108,31,2,597.91,0,Regular Customers,-0.099423909,-0.809037144
14109,73,1,144.2,0,Regular Customers,-1.022883201,-0.767786706
14111,14,4,692.85,0,Regular Customers,0.683452962,-0.664262961
14112,23,7,2915.15,1,Loyal Customers,3.524812252,1.010711779
14113,4,4,1840.42,1,Loyal Customers,1.752183202,-0.14737962
14114,274,2,386.53,2,At-Risk Customers,-1.53338506,1.483301741
14116,20,5,1382.74,1,Loyal Customers,1.570076105,-0.103541896
14117,144,1,90,2,At-Risk Customers,-1.435155738,-0.093950656
14121,4,4,2780.15,1,Loyal Customers,2.585344731,0.356961987
14124,84,1,419.58,0,Regular Customers,-0.835160493,-0.511089826
14125,11,3,2720.63,1,Loyal Customers,2.190917573,0.263257289
14126,8,3,706.13,0,Regular Customers,0.420258029,-0.847601279
14127,123,3,709.71,0,Regular Customers,-0.166500131,0.292859791
14128,61,2,637.5,0,Regular Customers,-0.218218895,-0.490779311
14129,2,5,1123.86,1,Loyal Customers,1.432891158,-0.420685847
14130,319,1,480.91,2,At-Risk Customers,-1.986299095,1.84840642
14133,130,3,605.64,0,Regular Customers,-0.294677166,0.306309113
14138,2,2,965.88,0,Regular Customers,0.375582589,-0.89866216
14139,46,1,415.82,0,Regular Customers,-0.643559986,-0.889320899
14140,4,2,935.05,0,Regular Customers,0.337989123,-0.895407554
14141,3,4,915.13,0,Regular Customers,0.936953974,-0.653871801
14143,134,1,115.8,2,At-Risk Customers,-1.360983093,-0.179107566
14147,78,2,483.4,0,Regular Customers,-0.442050814,-0.405177025
14148,234,1,157.2,2,At-Risk Customers,-1.837262491,0.833145854
14149,221,1,446.62,2,At-Risk Customers,-1.513975685,0.85976954
14150,36,2,658.64,0,Regular Customers,-0.071230115,-0.726942368
14152,75,2,621.29,0,Regular Customers,-0.304408458,-0.360874183
14154,239,2,1345.62,2,At-Risk Customers,-0.503514443,1.651521532
14155,266,1,118.75,2,At-Risk Customers,-2.035507175,1.129321264
14157,20,2,424.89,0,Regular Customers,-0.196394577,-1.010798664
14158,40,1,507.66,0,Regular Customers,-0.531355874,-0.899433566
14161,216,3,1097.62,2,At-Risk Customers,-0.299655986,1.421778476
14162,174,2,289.36,2,At-Risk Customers,-1.106551162,0.441117243
14163,87,4,2445.91,1,Loyal Customers,1.86323151,0.999308137
14164,71,2,1631.77,0,Regular Customers,0.611999169,0.141836702
14165,276,1,120.44,2,At-Risk Customers,-2.085307276,1.229231721
14167,39,4,562.59,0,Regular Customers,0.439718748,-0.486663274
14171,98,1,363.79,0,Regular Customers,-0.956441554,-0.4024268
14173,11,4,450.84,0,Regular Customers,0.484277226,-0.823847807
14174,33,1,134.46,0,Regular Customers,-0.826324852,-1.169027864
14176,297,4,576.9,2,At-Risk Customers,-0.871094066,2.075305857
14177,86,4,549.46,0,Regular Customers,0.186975018,-0.028393748
14178,9,7,1600.26,1,Loyal Customers,2.43085293,0.166421548
14179,41,2,701.57,0,Regular Customers,-0.058817744,-0.654400634
14184,67,1,452.89,0,Regular Customers,-0.718420591,-0.661518628
14188,31,6,2054.36,1,Loyal Customers,2.414851901,0.496875609
14193,68,2,853.39,0,Regular Customers,-0.062720446,-0.305611368
14195,202,2,1012,2,At-Risk Customers,-0.609496573,1.106158973
14196,107,1,335.52,0,Regular Customers,-1.027674248,-0.328495855
14198,18,4,701.4,0,Regular Customers,0.670513983,-0.620072898
14199,218,1,185.4,2,At-Risk Customers,-1.730182943,0.689874922
14201,60,7,747.44,1,Loyal Customers,1.413123425,0.213641094
14204,2,1,150.61,0,Regular Customers,-0.65298112,-1.467271066
14205,17,2,466.7,0,Regular Customers,-0.143936433,-1.018060784
14206,239,1,328.16,2,At-Risk Customers,-1.711339142,0.974399724
14208,95,1,151.74,0,Regular Customers,-1.129054852,-0.54593248
14209,11,6,2073.43,1,Loyal Customers,2.5343562,0.309103336
14210,106,6,1905.84,1,Loyal Customers,1.898436181,1.15969265
14211,53,9,2241.1,1,Loyal Customers,3.3848024,1.208094663
14212,90,1,1070.48,0,Regular Customers,-0.288853762,-0.102357677
14214,31,5,1004.38,1,Loyal Customers,1.178195077,-0.197699285
14215,12,6,1789.72,1,Loyal Customers,2.277690002,0.166739992
14216,3,4,1839.3,1,Loyal Customers,1.756320059,-0.157881056
14218,43,1,169.48,0,Regular Customers,-0.846574685,-1.051229603
14219,4,1,89.94,0,Regular Customers,-0.717030632,-1.480031222
14220,247,2,632.4,2,At-Risk Customers,-1.176891711,1.347947837
14222,177,1,683.17,2,At-Risk Customers,-1.078538051,0.551107834
14223,92,3,991.13,0,Regular Customers,0.242031112,0.136983757
14224,110,4,1009.73,0,Regular Customers,0.471932607,0.456235827
14226,29,5,2214.79,1,Loyal Customers,2.261600295,0.43211228
14229,52,3,1547.2,1,Loyal Customers,0.940234747,0.039405912
14231,184,3,925.71,2,At-Risk Customers,-0.287915787,1.012705425
14232,43,5,2048.07,1,Loyal Customers,2.041969061,0.48124053
14233,49,4,1462.72,1,Loyal Customers,1.186472598,0.095428951
14234,22,4,754.12,0,Regular Customers,0.696735982,-0.552177337
14236,81,2,490.86,0,Regular Customers,-0.450826338,-0.371472298
14238,326,1,146.85,2,At-Risk Customers,-2.318384508,1.738422918
14239,43,11,2380.85,1,Loyal Customers,4.171498754,1.446220244
14240,30,2,890.34,0,Regular Customers,0.164973413,-0.661993882
14241,184,1,213.7,2,At-Risk Customers,-1.530677526,0.368451441
14242,235,2,280.55,2,At-Risk Customers,-1.427282624,1.040310097
14243,9,10,2588.77,1,Loyal Customers,4.224506667,1.090133162
14245,220,2,1693.45,2,At-Risk Customers,-0.097662453,1.650091078
14246,111,3,1474.06,0,Regular Customers,0.572728207,0.58427295
14247,278,1,136.77,2,At-Risk Customers,-2.081088842,1.257796523
14248,318,1,302.58,2,At-Risk Customers,-2.139276042,1.742798543
14250,7,3,1904.05,1,Loyal Customers,1.487459809,-0.2145926
14251,2,5,2879.7,1,Loyal Customers,2.989613131,0.521652024
14256,260,2,969.06,2,At-Risk Customers,-0.945098047,1.657333636
14259,142,1,120,2,At-Risk Customers,-1.398298147,-0.097650714
14261,51,2,1163.45,0,Regular Customers,0.299385096,-0.307511828
14262,8,8,2618.23,1,Loyal Customers,3.644259638,0.833916721
14264,155,2,333.97,2,At-Risk Customers,-0.969533027,0.276952321
14265,109,2,530.18,0,Regular Customers,-0.559601015,-0.073160061
14267,163,3,1516.24,2,At-Risk Customers,0.343372916,1.121728405
14271,226,1,112.32,2,At-Risk Customers,-1.836014191,0.729856543
14272,74,2,437.96,0,Regular Customers,-0.461818389,-0.4691655
14273,51,4,559.97,0,Regular Customers,0.375837725,-0.369265251
14276,99,3,1119.74,0,Regular Customers,0.3201474,0.275309591
14280,197,1,134.04,2,At-Risk Customers,-1.667991805,0.454403383
14284,31,2,595.25,0,Regular Customers,-0.101782256,-0.810464734
14285,21,4,1910.01,1,Loyal Customers,1.726674102,0.058274355
14287,8,3,176.63,0,Regular Customers,-0.04919493,-1.131777458
14288,213,1,426.6,2,At-Risk Customers,-1.490686591,0.769822287
14289,9,6,911.26,1,Loyal Customers,1.514239788,-0.334419792
14290,11,5,2314.65,1,Loyal Customers,2.442473053,0.307499703
14293,3,4,1046.56,0,Regular Customers,1.05347938,-0.583334926
14295,40,1,166.2,0,Regular Customers,-0.834093187,-1.082690976
14297,18,4,1305.33,1,Loyal Customers,1.205956336,-0.295951048
14300,19,1,43.2,0,Regular Customers,-0.835417838,-1.356610827
14301,117,1,640.14,0,Regular Customers,-0.808897607,-0.066006569
14304,223,1,383.45,2,At-Risk Customers,-1.580241689,0.845667664
14305,71,3,1858.96,1,Loyal Customers,1.119173083,0.394830258
14306,51,2,2093.32,1,Loyal Customers,1.123804782,0.191538038
14307,89,6,2995.72,1,Loyal Customers,2.951927572,1.576312054
14309,8,9,2352.53,1,Loyal Customers,3.714438897,0.822382237
14311,243,1,310.26,2,At-Risk Customers,-1.747728603,1.004394395
14312,47,6,1611.59,1,Loyal Customers,1.940215954,0.417651889
14314,107,1,120,0,Regular Customers,-1.218753572,-0.444162805
14315,45,6,2481.13,1,Loyal Customers,2.72140695,0.86452269
14317,65,1,508.58,0,Regular Customers,-0.65878633,-0.651431177
14320,207,2,477.79,2,At-Risk Customers,-1.108774628,0.868956721
14321,11,5,1530.75,1,Loyal Customers,1.747469889,-0.113209847
14323,115,2,605.06,0,Regular Customers,-0.523991723,0.026429192
14326,242,1,183.85,2,At-Risk Customers,-1.854673448,0.926651347
14327,163,1,311.65,2,At-Risk Customers,-1.336108632,0.213112754
14331,124,2,462.66,0,Regular Customers,-0.6964117,0.039107962
14332,23,3,840.21,0,Regular Customers,0.462185242,-0.627137
14333,68,1,415.2,0,Regular Customers,-0.756966266,-0.671846045
14334,17,8,2552.21,1,Loyal Customers,3.539557918,0.887587702
14335,16,2,454.86,0,Regular Customers,-0.149303893,-1.034315513
14336,17,4,1614.91,1,Loyal Customers,1.485558792,-0.13970359
14338,161,2,588.22,2,At-Risk Customers,-0.774894883,0.472807262
14339,243,1,309.52,2,At-Risk Customers,-1.748384684,1.003997246
14340,219,1,134.7,2,At-Risk Customers,-1.780263241,0.672565197
14341,45,8,2166.98,1,Loyal Customers,3.054378605,0.958049142
14342,21,4,668.56,0,Regular Customers,0.626008612,-0.607996689
14344,127,8,889.93,1,Loyal Customers,1.501502981,1.084500341
14345,39,1,108.98,0,Regular Customers,-0.879694406,-1.123300596
14346,121,2,1021.58,0,Regular Customers,-0.18548553,0.309372459
14348,260,1,409.57,2,At-Risk Customers,-1.746888048,1.225998731
14349,10,1,133.5,0,Regular Customers,-0.70918955,-1.39725103
14350,274,1,282.93,2,At-Risk Customers,-1.930984486,1.296637427
14351,165,1,51,2,At-Risk Customers,-1.577459756,0.093025775
14352,157,4,1078.96,0,Regular Customers,0.292208982,0.958706959
14353,215,1,90.6,2,At-Risk Customers,-1.798842776,0.609295884
14354,6,2,163.62,0,Regular Customers,-0.35621787,-1.289623916
14356,80,2,701.23,0,Regular Customers,-0.259183142,-0.268469635
14357,43,1,225.12,0,Regular Customers,-0.797244444,-1.021368295
14359,19,3,912.18,0,Regular Customers,0.546512987,-0.628112962
14360,32,4,2118.03,1,Loyal Customers,1.854675655,0.278819947
14362,22,1,151.5,0,Regular Customers,-0.754788949,-1.268786504
14368,320,1,155,2,At-Risk Customers,-2.280379675,1.683394851
14371,295,1,100.5,2,At-Risk Customers,-2.20045307,1.40663673
14375,185,1,235.56,2,At-Risk Customers,-1.516426366,0.390083781
14377,191,2,617.05,2,At-Risk Customers,-0.90322965,0.785290334
14379,44,2,348.1,0,Regular Customers,-0.387592619,-0.814402627
14381,52,1,202.68,0,Regular Customers,-0.86330828,-0.94430846
14382,26,1,615.49,0,Regular Customers,-0.36393632,-0.98016736
14383,38,3,1247.69,0,Regular Customers,0.746507995,-0.259942281
14385,9,3,202.11,0,Regular Customers,-0.031734291,-1.108202308
14386,297,1,142.4,2,At-Risk Customers,-2.173564358,1.448924639
14387,33,3,1727.6,1,Loyal Customers,1.197643849,-0.051882176
14389,65,2,1043.46,0,Regular Customers,0.121184526,-0.233304158
14393,218,1,67.95,2,At-Risk Customers,-1.834313727,0.626840943
14396,65,2,487.99,0,Regular Customers,-0.37129335,-0.531418119
14400,149,1,574.7,2,At-Risk Customers,-1.031071537,0.215683638
14403,130,4,1475.81,1,Loyal Customers,0.782560703,0.904382177
14404,34,6,1449.32,1,Loyal Customers,1.86303589,0.201859072
14406,119,1,156.75,0,Regular Customers,-1.247729283,-0.305635383
14407,107,6,2157.73,1,Loyal Customers,2.116631182,1.30477928
14408,11,7,2599.03,1,Loyal Customers,3.306099439,0.722249892
14409,71,6,2059.45,1,Loyal Customers,2.214170877,0.895621169
14410,92,9,1100.27,1,Loyal Customers,2.173282316,0.981938617
14411,311,1,1063,2,At-Risk Customers,-1.429181254,2.081604246
14412,43,2,770.03,0,Regular Customers,-0.008381023,-0.597858298
14414,92,7,1496.98,1,Loyal Customers,1.913508085,0.932721107
14416,22,2,490.22,0,Regular Customers,-0.148732904,-0.95593616
14418,4,3,1937.25,1,Loyal Customers,1.532284355,-0.226475602
14419,11,6,1051.79,1,Loyal Customers,1.628573534,-0.239198367
14420,99,1,387.52,0,Regular Customers,-0.940532459,-0.379790854
14421,57,2,813.11,0,Regular Customers,-0.042004266,-0.436132952
14423,218,1,265.2,2,At-Risk Customers,-1.659432525,0.732702607
14424,18,1,322.08,0,Regular Customers,-0.583033902,-1.216839685
14427,50,2,363.34,0,Regular Customers,-0.404859955,-0.746821433
14428,7,5,1224.06,1,Loyal Customers,1.496078923,-0.317408004
14431,303,1,470.36,2,At-Risk Customers,-1.91357517,1.684338836
14432,10,6,2248.5,1,Loyal Customers,2.694702532,0.39316092
14434,22,6,1372.8,1,Loyal Customers,1.85675165,0.041987577
14436,99,1,89.06,0,Regular Customers,-1.205146114,-0.539970689
14438,306,1,131.9,2,At-Risk Customers,-2.229042228,1.532392527
14439,320,1,2661.24,2,At-Risk Customers,-0.058355528,3.028463232
14440,8,5,2357.68,1,Loyal Customers,2.496012844,0.300892342
14441,1,4,1712.89,1,Loyal Customers,1.654505058,-0.245524449
14442,205,2,1589.82,2,At-Risk Customers,-0.112592795,1.445968942
14443,54,4,1420.2,1,Loyal Customers,1.12312528,0.122110714
14446,1,4,1010.35,0,Regular Customers,1.031635403,-0.622569082
14447,19,5,1163.23,1,Loyal Customers,1.380589105,-0.231250576
14448,9,2,375.35,0,Regular Customers,-0.183888283,-1.146289977
14449,19,4,885.8,0,Regular Customers,0.828872572,-0.511207326
14450,181,3,483.25,2,At-Risk Customers,-0.664809833,0.745541514
14451,60,2,643.9,0,Regular Customers,-0.207414831,-0.497244855
14452,11,2,259.05,0,Regular Customers,-0.297259171,-1.188906074
14453,190,1,119.93,2,At-Risk Customers,-1.644592769,0.3775283
14456,5,9,3017.28,1,Loyal Customers,4.319193598,1.149444402
14457,311,1,113.64,2,At-Risk Customers,-2.270880709,1.572094335
14459,155,1,1837.92,2,At-Risk Customers,0.058116094,0.953040448
14460,110,3,434.34,0,Regular Customers,-0.343954283,0.016367587
14461,148,3,2103.06,1,Loyal Customers,0.940593274,1.288162346
14462,66,11,1980.57,1,Loyal Customers,3.698625386,1.459102806
14463,98,3,529.62,0,Regular Customers,-0.197921208,-0.051300947
14465,247,3,1038.44,2,At-Risk Customers,-0.511149975,1.696928003
14466,29,7,2272.4,1,Loyal Customers,2.924173144,0.725157781
14467,18,4,596.26,0,Regular Customers,0.577297205,-0.676500251
14470,12,2,461.19,0,Regular Customers,-0.123172356,-1.070519661
14472,104,8,1852.67,1,Loyal Customers,2.473051536,1.373483188
14473,74,2,234.34,0,Regular Customers,-0.642347211,-0.578445865
14474,46,1,547.66,0,Regular Customers,-0.526671075,-0.818563982
14475,72,3,925.85,0,Regular Customers,0.286750978,-0.09605813
14476,257,1,193,2,At-Risk Customers,-1.923508764,1.080067222
14477,20,4,1309.6,1,Loyal Customers,1.199482414,-0.2738587
14479,254,2,316.25,2,At-Risk Customers,-1.493098177,1.247576414
14480,11,1,279.05,0,Regular Customers,-0.585275243,-1.309235778
14481,165,2,636.51,2,At-Risk Customers,-0.752600507,0.538325296
14482,18,6,2022.81,1,Loyal Customers,2.453567759,0.351238619
14483,282,1,137.1,2,At-Risk Customers,-2.101315645,1.297575012
14484,50,1,321.92,0,Regular Customers,-0.747330797,-0.9001145
14485,39,1,162.8,0,Regular Customers,-0.831977771,-1.094416059
14487,27,6,1165.48,1,Loyal Customers,1.647293194,-0.019776806
14488,68,1,1064.28,0,Regular Customers,-0.181494072,-0.323492741
14489,207,1,463.38,2,At-Risk Customers,-1.427298493,0.730159591
14491,175,2,340.93,2,At-Risk Customers,-1.065959214,0.478694577
14493,7,5,2383.24,1,Loyal Customers,2.523804101,0.304709736
14494,26,1,139.56,0,Regular Customers,-0.785894294,-1.235593174
14495,51,2,123.8,0,Regular Customers,-0.622365177,-0.865479278
14496,312,2,538.81,2,At-Risk Customers,-1.593308223,1.941241683
14497,309,1,475.37,2,At-Risk Customers,-1.93991239,1.746429715
14498,43,5,1957.32,1,Loyal Customers,1.961510409,0.432536114
14499,26,3,808.44,0,Regular Customers,0.418628529,-0.614486534
14500,88,3,356.85,0,Regular Customers,-0.299800072,-0.24302795
14501,184,2,251.21,2,At-Risk Customers,-1.191673276,0.519646059
14502,20,11,2429.83,1,Loyal Customers,4.332910696,1.244799266
14504,47,4,673.26,0,Regular Customers,0.496799646,-0.348065274
14506,17,5,1960.65,1,Loyal Customers,2.097838746,0.176914302
14507,24,6,1367.88,1,Loyal Customers,1.842129904,0.059147764
14508,22,2,268.05,0,Regular Customers,-0.345708095,-1.075172084
14511,11,5,1314.81,1,Loyal Customers,1.556018195,-0.229102206
14512,188,2,275.28,2,At-Risk Customers,-1.190852273,0.572165515
14513,101,3,455.59,0,Regular Customers,-0.278945497,-0.061330907
14514,61,3,990.2,0,Regular Customers,0.400231772,-0.170426072
14515,18,6,2076.89,1,Loyal Customers,2.50151491,0.380262694
14517,33,2,330.45,0,Regular Customers,-0.346812756,-0.932778967
14518,64,1,174.37,0,Regular Customers,-0.949965973,-0.840697945
14520,2,2,270.6,0,Regular Customers,-0.240850374,-1.27181044
14522,24,4,974.54,0,Regular Customers,0.88189994,-0.414079925
14523,108,1,241.09,0,Regular Customers,-1.116525421,-0.369274936
14524,32,9,1843.83,1,Loyal Customers,3.140310869,0.786977454
14528,37,1,364.22,0,Regular Customers,-0.643139771,-1.006117098
14529,60,3,578.61,0,Regular Customers,0.040447276,-0.401221741
14530,26,6,2862.11,1,Loyal Customers,3.156649621,0.880883436
14532,236,4,932.85,2,At-Risk Customers,-0.24258942,1.662418799
14533,25,7,1949.72,1,Loyal Customers,2.658605497,0.512377987
14535,60,3,2854.84,1,Loyal Customers,2.058545313,0.820403084
14536,260,1,170.95,2,At-Risk Customers,-1.958447756,1.097934293
14537,58,1,355.56,0,Regular Customers,-0.758544444,-0.802857559
14538,65,2,388.25,0,Regular Customers,-0.459722506,-0.584947358
14539,16,2,537.48,0,Regular Customers,-0.076053273,-0.989974369
14540,10,3,952.66,0,Regular Customers,0.628571027,-0.69549095
14541,59,8,1453.35,1,Loyal Customers,2.349858763,0.713657478
14542,186,1,103.25,2,At-Risk Customers,-1.638861823,0.328974966
14544,24,2,2004.3,1,Loyal Customers,1.183385758,-0.123547236
14546,5,5,2573.93,1,Loyal Customers,2.703128919,0.387250038
14548,151,2,652.8,2,At-Risk Customers,-0.666340017,0.408463104
14549,311,1,289.24,2,At-Risk Customers,-2.115194327,1.666336709
14550,11,2,757.37,0,Regular Customers,0.144549703,-0.92146382
14551,18,2,186.23,0,Regular Customers,-0.397730058,-1.15868526
14552,152,1,164.22,2,At-Risk Customers,-1.410391291,0.025085075
14553,19,5,859.27,1,Loyal Customers,1.111099168,-0.394382194
14554,10,4,2279.49,1,Loyal Customers,2.110682151,0.147665956
14555,57,2,312.54,0,Regular Customers,-0.485807983,-0.704782754
14557,85,1,788.38,0,Regular Customers,-0.51331347,-0.303259027
14561,76,3,1080.76,0,Regular Customers,0.403574295,0.026681555
14566,111,1,1432,0,Regular Customers,-0.076058064,0.299572944
14567,57,2,1530.36,0,Regular Customers,0.593907226,-0.051193642
14569,1,1,227.39,0,Regular Customers,-0.579778379,-1.435964523
14570,281,2,218.06,2,At-Risk Customers,-1.718658924,1.462188369
14572,3,7,2804.54,1,Loyal Customers,3.52934269,0.753341834
14573,180,9,1639.82,1,Loyal Customers,2.200219212,2.142738909
14577,13,4,859.71,0,Regular Customers,0.836520334,-0.584611583
14578,3,1,168.63,0,Regular Customers,-0.642134492,-1.447699606
14581,17,1,138.6,0,Regular Customers,-0.740576821,-1.325211504
14582,41,1,114.11,0,Regular Customers,-0.885405855,-1.100746696
14583,6,5,986.96,1,Loyal Customers,1.290996688,-0.454557022
14584,169,4,1033.06,2,At-Risk Customers,0.189956052,1.052877136
14585,50,1,157.05,0,Regular Customers,-0.893503998,-0.988598214
14586,277,1,237.36,2,At-Risk Customers,-1.986776234,1.301881602
14587,19,9,1580.29,1,Loyal Customers,2.973345156,0.516834266
14591,15,4,1320.21,1,Loyal Customers,1.234538431,-0.31766617
14592,35,3,557.94,0,Regular Customers,0.150367447,-0.659823714
14593,22,3,617.15,0,Regular Customers,0.269550824,-0.756750921
14594,7,2,363.33,0,Regular Customers,-0.184285485,-1.172541655
14595,20,6,1740.6,1,Loyal Customers,2.193101611,0.219580652
14597,11,2,866.24,0,Regular Customers,0.241073488,-0.863034621
14598,44,1,221.97,0,Regular Customers,-0.805167069,-1.013158516
14600,306,1,393.33,2,At-Risk Customers,-1.99725925,1.672698813
14601,11,1,213.96,0,Regular Customers,-0.642983823,-1.344168786
14603,275,1,660,2,At-Risk Customers,-1.601805309,1.508906634
14608,4,4,1785.15,1,Loyal Customers,1.703181002,-0.177042354
14609,72,4,601.56,0,Regular Customers,0.304984537,-0.139037151
14616,243,3,406.08,2,At-Risk Customers,-1.051278893,1.317946737
14618,9,3,553.44,0,Regular Customers,0.279753732,-0.919647791
14619,246,1,394.44,2,At-Risk Customers,-1.688484426,1.079273809
14620,206,2,412.78,2,At-Risk Customers,-1.161282436,0.824166303
14621,1,5,1788.36,1,Loyal Customers,2.027164519,-0.073957163
14622,185,1,320.58,2,At-Risk Customers,-1.441047914,0.435712976
14623,32,5,886.7,1,Loyal Customers,1.068730531,-0.250956357
14624,57,2,225.85,0,Regular Customers,-0.562667052,-0.751308217
14625,196,2,899.63,2,At-Risk Customers,-0.678344376,0.986449294
14626,24,4,2791.27,1,Loyal Customers,2.492606787,0.560936864
14628,91,2,671.96,0,Regular Customers,-0.341562123,-0.175274686
14629,4,2,955.26,0,Regular Customers,0.355907242,-0.884561094
14631,51,3,1006.98,0,Regular Customers,0.466407315,-0.260423906
14632,263,1,114.56,2,At-Risk Customers,-2.02383248,1.097371506
14633,266,1,344.9,2,At-Risk Customers,-1.835003328,1.250693205
14636,36,2,609.85,0,Regular Customers,-0.114487169,-0.753127365
14638,51,1,443.6,0,Regular Customers,-0.644579554,-0.824909985
14639,52,6,2984.49,1,Loyal Customers,3.131775356,1.203972269
14640,24,6,2107.38,1,Loyal Customers,2.497768173,0.456028377
14641,22,1,110.46,0,Regular Customers,-0.791174878,-1.290812171
14642,59,1,96.12,0,Regular Customers,-0.99369294,-0.932195491
14643,170,2,693.81,2,At-Risk Customers,-0.727447741,0.618579233
14644,68,2,830.76,0,Regular Customers,-0.08278413,-0.317756613
14645,157,2,597.09,2,At-Risk Customers,-0.74651139,0.4379663
14647,201,1,236.04,2,At-Risk Customers,-1.59807832,0.548746919
14649,5,4,1402.59,1,Loyal Customers,1.358874718,-0.372457285
14651,67,2,653.75,0,Regular Customers,-0.234590769,-0.422656062
14652,77,1,114.18,0,Regular Customers,-1.070018214,-0.744296692
14653,1,7,1926.65,1,Loyal Customers,2.761267991,0.262388308
14655,8,4,1932.23,1,Loyal Customers,1.813062266,-0.058504933
14656,169,2,291.05,2,At-Risk Customers,-1.079403588,0.392522518
14657,18,4,848.22,0,Regular Customers,0.800684113,-0.541276399
14658,5,2,247.15,0,Regular Customers,-0.277030602,-1.254694732
14659,9,9,2529.93,1,Loyal Customers,3.866591309,0.927490994
14660,87,2,285.74,0,Regular Customers,-0.663464125,-0.422155622
14661,27,1,107.95,0,Regular Customers,-0.819049461,-1.24265753
14662,29,4,741.37,0,Regular Customers,0.649522959,-0.489717688
14664,20,2,636.24,0,Regular Customers,-0.009012362,-0.897369702
14665,61,5,1835.7,1,Loyal Customers,1.761345306,0.545470364
14666,24,1,195.25,0,Regular Customers,-0.726260033,-1.225505723
14669,242,3,1259.24,2,At-Risk Customers,-0.289740196,1.765926937
14670,280,2,392.86,2,At-Risk Customers,-1.558551973,1.546101047
14672,235,2,765.55,2,At-Risk Customers,-0.997283218,1.30060367
14673,3,5,1736.4,1,Loyal Customers,1.970837263,-0.082042769
14675,16,1,596.36,0,Regular Customers,-0.329598465,-1.089437651
14676,31,6,2548.24,1,Loyal Customers,2.852724285,0.76193497
14681,71,3,498.95,0,Regular Customers,-0.086607313,-0.335070489
14682,188,2,52,2,At-Risk Customers,-1.388811588,0.452333868
14684,26,5,1201.51,1,Loyal Customers,1.378619112,-0.14140375
14687,107,1,628.38,0,Regular Customers,-0.768025534,-0.171321472
14689,209,1,112.8,2,At-Risk Customers,-1.748381259,0.56180828
14690,44,2,355.05,0,Regular Customers,-0.381430772,-0.810672647
14691,31,5,2114.33,1,Loyal Customers,2.162273099,0.397997316
14692,137,4,591.55,0,Regular Customers,-0.037330222,0.499113059
14693,265,1,172.9,2,At-Risk Customers,-1.982368118,1.148482562
14696,4,7,2078.95,1,Loyal Customers,2.880907136,0.373826894
14697,218,2,188.61,2,At-Risk Customers,-1.421588961,0.822661149
14698,2,5,1217.27,1,Loyal Customers,1.515708157,-0.370553842
14699,214,1,109.13,2,At-Risk Customers,-1.777284294,0.609340363
14700,32,3,2195.1,1,Loyal Customers,1.617257657,0.189119015
14701,11,9,2526.09,1,Loyal Customers,3.852927088,0.945230804
14703,15,1,318.17,0,Regular Customers,-0.57111096,-1.24863917
14704,11,9,1493.96,1,Loyal Customers,2.937844022,0.391299246
14705,199,1,179,2,At-Risk Customers,-1.638390107,0.498333557
14708,3,3,1126.37,0,Regular Customers,0.818490657,-0.671565334
14710,14,4,599.48,0,Regular Customers,0.600671426,-0.714373499
14711,10,11,2839.62,1,Loyal Customers,4.747527614,1.365725097
14712,29,3,917.07,0,Regular Customers,0.499549995,-0.526485104
14713,9,11,2662.2,1,Loyal Customers,4.59535747,1.260605605
14714,24,1,160.19,0,Regular Customers,-0.757344114,-1.244321996
14715,25,4,867.38,0,Regular Customers,0.781762391,-0.461691042
14716,43,2,307.51,0,Regular Customers,-0.418449734,-0.84608713
14719,2,5,1581.84,1,Loyal Customers,1.83893472,-0.174893578
14720,6,3,663.81,0,Regular Customers,0.392996947,-0.890114597
14722,147,1,180.42,2,At-Risk Customers,-1.370379199,-0.015722311
14723,10,6,1122.36,1,Loyal Customers,1.696270509,-0.211224656
14725,25,1,655.58,0,Regular Customers,-0.323262813,-0.968551892
14727,274,1,268.58,2,At-Risk Customers,-1.943707149,1.288935958
14730,1,8,1897.57,1,Loyal Customers,3.041233765,0.377844887
14731,47,3,380.02,0,Regular Customers,-0.06893398,-0.636507058
14732,8,8,2702.49,1,Loyal Customers,3.718964277,0.879138033
14737,4,3,1164.55,0,Regular Customers,0.847211075,-0.641174249
14738,43,7,1314.45,1,Loyal Customers,2.003039993,0.349642559
14740,197,3,1448.21,2,At-Risk Customers,0.108643011,1.421829281
14741,12,6,1400.34,1,Loyal Customers,1.932466973,-0.042235496
14744,16,7,1099.98,1,Loyal Customers,1.951397411,-0.032770196
14745,113,5,1220.26,1,Loyal Customers,0.948946284,0.729989201
14747,249,1,328.2,2,At-Risk Customers,-1.762602128,1.073424647
14748,29,5,1415.75,1,Loyal Customers,1.553174057,0.003277276
14752,44,1,389.64,0,Regular Customers,-0.656511398,-0.923172076
14753,87,1,563.15,0,Regular Customers,-0.723261338,-0.404336525
14754,45,2,638.05,0,Regular Customers,-0.135653747,-0.64888966
14756,15,1,738.96,0,Regular Customers,-0.198039929,-1.022806319
14757,75,1,420.5,0,Regular Customers,-0.788176219,-0.599699182
14758,145,4,1484.06,1,Loyal Customers,0.71292745,1.057315033
14759,5,3,1625.97,1,Loyal Customers,1.251174685,-0.383635428
14760,297,1,89.2,2,At-Risk Customers,-2.220731303,1.420372849
14761,59,2,255.9,0,Regular Customers,-0.546284511,-0.715380059
14762,264,1,300.52,2,At-Risk Customers,-1.8640908,1.207074311
14764,47,1,278.3,0,Regular Customers,-0.770614611,-0.953225857
14765,29,3,254.11,0,Regular Customers,-0.088228162,-0.882287634
14766,8,6,2473.37,1,Loyal Customers,2.904331225,0.49404521
14768,17,2,192.6,0,Regular Customers,-0.386952592,-1.165166905
14770,232,2,876.42,2,At-Risk Customers,-0.883596706,1.330405207
14772,112,1,139.26,0,Regular Customers,-1.227326944,-0.384324471
14775,58,3,1011.9,0,Regular Customers,0.434860456,-0.188480983
14776,51,11,2538.3,1,Loyal Customers,4.270054646,1.609924499
14778,127,2,730.86,0,Regular Customers,-0.474015997,0.212748661
14779,281,3,386.15,2,At-Risk Customers,-1.263882876,1.683463677
14780,55,2,447.68,0,Regular Customers,-0.355733613,-0.652055458
14782,320,1,200.1,2,At-Risk Customers,-2.240394163,1.70759947
14784,26,2,289.99,0,Regular Customers,-0.346775544,-1.023795773
14785,10,2,77.4,0,Regular Customers,-0.453179619,-1.296295755
14788,7,2,679.44,0,Regular Customers,0.095976602,-1.002889281
14789,29,1,197.64,0,Regular Customers,-0.749790292,-1.174721312
14790,17,4,745.06,0,Regular Customers,0.714352641,-0.606541455
14792,64,1,6.2,0,Regular Customers,-1.099064942,-0.930952729
14793,21,1,228.99,0,Regular Customers,-0.680956725,-1.237098914
14794,3,7,1319.91,1,Loyal Customers,2.213074611,-0.043440944
14795,166,1,131.45,2,At-Risk Customers,-1.511262895,0.146102653
14798,53,3,173.74,0,Regular Customers,-0.28260022,-0.68781294
14799,51,1,157.7,0,Regular Customers,-0.898057555,-0.978349022
14801,61,1,189.34,0,Regular Customers,-0.921304085,-0.862364766
14803,162,3,845.55,2,At-Risk Customers,-0.246128789,0.751876933
14804,9,1,353.27,0,Regular Customers,-0.509212345,-1.289203502
14805,15,4,546.4,0,Regular Customers,0.548481028,-0.732960541
14806,75,1,193.39,0,Regular Customers,-0.989531198,-0.721586344
14808,40,8,2718.6,1,Loyal Customers,3.569092309,1.204595128
14810,41,11,2085.33,1,Loyal Customers,3.919751383,1.267817581
14815,37,2,778.5,0,Regular Customers,0.029907522,-0.652714625
14816,197,1,271.85,2,At-Risk Customers,-1.545809912,0.528364326
14817,200,2,1110.34,2,At-Risk Customers,-0.512048962,1.139136158
14818,74,3,657.8,0,Regular Customers,0.038839039,-0.220116599
14819,64,2,272.07,0,Regular Customers,-0.557597467,-0.65720009
14820,21,4,507.29,0,Regular Customers,0.48302716,-0.694548327
14823,180,3,321.43,2,At-Risk Customers,-0.803149069,0.648794352
14824,10,4,1127.71,0,Regular Customers,1.089517788,-0.470480295
14828,197,3,2139.76,1,Loyal Customers,0.721768968,1.792975715
14829,29,4,697.55,0,Regular Customers,0.610672291,-0.513235346
14830,53,1,188.88,0,Regular Customers,-0.880673159,-0.941814406
14834,18,6,1720.3,1,Loyal Customers,2.185363388,0.188885199
14836,10,3,102.45,0,Regular Customers,-0.125222365,-1.151788267
14837,90,4,1649.5,1,Loyal Customers,1.141747486,0.601585659
14840,268,1,62.85,2,At-Risk Customers,-2.095327621,1.119121108
14842,44,4,2824.69,1,Loyal Customers,2.419639949,0.776879879
14847,149,1,309.4,2,At-Risk Customers,-1.266285645,0.07330037
14850,312,1,325.75,2,At-Risk Customers,-2.087954526,1.695831526
14851,23,2,511.35,0,Regular Customers,-0.13512896,-0.934695602
14852,58,6,2836.69,1,Loyal Customers,2.969957292,1.184051888
14853,24,2,475.8,0,Regular Customers,-0.171777318,-0.943874507
14854,78,7,2740.03,1,Loyal Customers,3.08740996,1.461246015
14855,119,2,645.65,0,Regular Customers,-0.508524143,0.087814731
14856,36,3,1290.53,0,Regular Customers,0.794749488,-0.256751268
14857,60,2,1173.12,0,Regular Customers,0.261789881,-0.213218948
14859,13,4,1353.74,1,Loyal Customers,1.274525708,-0.31947172
14860,19,1,170.32,0,Regular Customers,-0.722713664,-1.288387077
14861,52,1,125.79,0,Regular Customers,-0.931478701,-0.985574383
14862,26,2,841.2,0,Regular Customers,0.141925431,-0.727968102
14863,29,1,266.76,0,Regular Customers,-0.688508727,-1.137625452
14865,7,2,52.2,0,Regular Customers,-0.460132321,-1.339521323
14867,186,3,710.28,2,At-Risk Customers,-0.489175007,0.916887468
14868,3,8,2953.59,1,Loyal Customers,3.967237937,0.964398607
14869,9,2,721.45,0,Regular Customers,0.12296284,-0.960542336
14870,262,1,327.25,2,At-Risk Customers,-1.83013238,1.201619284
14871,3,4,501.28,0,Regular Customers,0.570035924,-0.875980039
14873,210,1,519.68,2,At-Risk Customers,-1.392772634,0.79007615
14875,108,2,1465.32,0,Regular Customers,0.27462088,0.418817803
14878,13,9,1476.09,1,Loyal Customers,2.911740849,0.401509327
14880,77,3,690.59,0,Regular Customers,0.052521011,-0.17281757
14881,20,1,255.4,0,Regular Customers,-0.65241186,-1.232825335
14882,27,2,589.7,0,Regular Customers,-0.086183488,-0.853044733
14883,19,6,761.59,1,Loyal Customers,1.330244408,-0.315742397
14885,132,1,765.32,0,Regular Customers,-0.774861106,0.14968119
14886,253,1,364.8,2,At-Risk Customers,-1.750672068,1.132668801
14887,79,1,1862,0,Regular Customers,0.469333563,0.213537634
14888,207,1,369.2,2,At-Risk Customers,-1.510798172,0.679614336
14890,254,1,125.65,2,At-Risk Customers,-1.967831517,1.014220264
14891,148,2,554.38,2,At-Risk Customers,-0.73820933,0.325941256
14893,10,2,1237.85,0,Regular Customers,0.575671537,-0.673496421
14894,85,1,655.75,0,Regular Customers,-0.630902792,-0.374439927
14896,205,2,468.77,2,At-Risk Customers,-1.106512041,0.844315107
14897,8,4,1366.38,1,Loyal Customers,1.311381516,-0.362189713
14898,23,6,1269.31,1,Loyal Customers,1.759867911,-0.003653896
14901,11,9,1421.29,1,Loyal Customers,2.873415039,0.352298145
14902,26,1,332.66,0,Regular Customers,-0.614692468,-1.131958764
14903,21,5,2795.33,1,Loyal Customers,2.817343911,0.66447824
14904,2,2,1025.44,0,Regular Customers,0.42838829,-0.866697036
14905,158,2,616.15,2,At-Risk Customers,-0.734742701,0.458095915
14908,74,1,277.8,0,Regular Customers,-0.909563725,-0.686184874
14910,3,4,434.35,0,Regular Customers,0.510696006,-0.911900552
14912,17,2,867.85,0,Regular Customers,0.211721838,-0.802768481
14913,36,4,1227.43,1,Loyal Customers,1.044553242,-0.159552807
14915,91,2,307.48,0,Regular Customers,-0.664708893,-0.370886648
14916,71,4,1268.98,1,Loyal Customers,0.90184676,0.209258661
14918,116,2,1610.15,0,Regular Customers,0.361987922,0.575749058
14920,213,2,977.77,2,At-Risk Customers,-0.696273074,1.19669195
14921,30,2,1316.07,0,Regular Customers,0.542424232,-0.433509794
14923,51,1,749.1,0,Regular Customers,-0.373724258,-0.660951869
14924,246,1,310.05,2,At-Risk Customers,-1.763304323,1.033982727
14929,32,1,223.88,0,Regular Customers,-0.741915529,-1.130937588
14930,109,3,2362.96,1,Loyal Customers,1.371083716,1.041534027
14931,5,5,1257.68,1,Loyal Customers,1.536145995,-0.319165252
14934,82,2,1890.94,1,Loyal Customers,0.785350144,0.389833874
14935,297,1,1784.71,2,At-Risk Customers,-0.717497709,2.330332347
14937,57,3,1621.88,1,Loyal Customers,0.980796564,0.128987483
14946,14,1,100.9,0,Regular Customers,-0.758611983,-1.37514567
14947,72,2,290.82,0,Regular Customers,-0.582012539,-0.56793443
14948,23,6,1101.97,1,Loyal Customers,1.611504817,-0.093463229
14950,19,1,371.2,0,Regular Customers,-0.544614116,-1.180577235
14951,79,1,311.69,0,Regular Customers,-0.905166187,-0.618494797
14953,25,1,285.67,0,Regular Customers,-0.651223803,-1.167078068
14954,12,1,294.85,0,Regular Customers,-0.57639686,-1.290855766
14957,253,1,58.49,2,At-Risk Customers,-2.022245507,0.968275967
14958,147,3,483.73,2,At-Risk Customers,-0.489969537,0.409187378
14959,64,4,695.42,0,Regular Customers,0.429239264,-0.1678664
14960,8,2,221.27,0,Regular Customers,-0.31536526,-1.238883175
14962,271,1,126.7,2,At-Risk Customers,-2.054107956,1.183089659
14963,10,5,1472.34,1,Loyal Customers,1.70081362,-0.154458126
14964,247,1,206.21,2,At-Risk Customers,-1.860498371,0.988153413
14965,96,2,596.09,0,Regular Customers,-0.434477441,-0.166491461
14966,15,1,183.02,0,Regular Customers,-0.690934505,-1.321172524
14967,50,1,463.8,0,Regular Customers,-0.621540456,-0.823969238
14968,30,1,147.59,0,Regular Customers,-0.799294302,-1.19168219
14970,68,4,1592.06,1,Loyal Customers,1.203677961,0.352950713
14971,35,3,1097.98,0,Regular Customers,0.629165136,-0.369990845
14972,128,1,114.77,0,Regular Customers,-1.331117218,-0.239062427
14973,107,3,1314.45,0,Regular Customers,0.451737886,0.459010832
14974,37,1,89.94,0,Regular Customers,-0.886315518,-1.153319822
14975,57,1,279.94,0,Regular Customers,-0.820459043,-0.853342235
14976,57,7,790.86,1,Loyal Customers,1.467008989,0.207243041
14978,72,5,1921.37,1,Loyal Customers,1.780871752,0.700352206
14981,246,1,102.12,2,At-Risk Customers,-1.947654378,0.922389237
14984,19,2,202.37,0,Regular Customers,-0.388550233,-1.140122774
14985,198,2,292.01,2,At-Risk Customers,-1.227317961,0.680147756
14987,16,2,326.4,0,Regular Customers,-0.263196107,-1.103258425
14988,212,1,334.54,2,At-Risk Customers,-1.567176839,0.710514465
14995,39,2,231.98,0,Regular Customers,-0.464895004,-0.92622454
14997,46,3,546.2,0,Regular Customers,0.083530507,-0.557220628
14998,170,2,414.87,2,At-Risk Customers,-0.974755028,0.468875544
15000,48,1,490.52,0,Regular Customers,-0.587590902,-0.829429631
15002,116,4,1641.76,1,Loyal Customers,1.001509257,0.854840677
15004,147,1,1220.77,2,At-Risk Customers,-0.448008308,0.542620821
15006,51,1,480.38,0,Regular Customers,-0.611970527,-0.805170609
15007,159,1,156.91,2,At-Risk Customers,-1.452781228,0.090464305
15009,12,3,1259.43,0,Regular Customers,0.890292611,-0.511050549
15010,36,1,308.94,0,Regular Customers,-0.687020993,-1.045685544
15012,54,2,405.04,0,Regular Customers,-0.388408252,-0.684840171
15014,43,2,257.67,0,Regular Customers,-0.462637715,-0.872835649
15016,173,1,170.04,2,At-Risk Customers,-1.512958043,0.236115852
15017,34,1,125.58,0,Regular Customers,-0.839327676,-1.163893306
15018,39,3,496.21,0,Regular Customers,0.075118452,-0.653352068
15019,267,1,252.81,2,At-Risk Customers,-1.921779864,1.211169973
15021,9,9,1871.77,1,Loyal Customers,3.283068817,0.574264565
15022,12,4,852.39,0,Regular Customers,0.835160291,-0.598440483
15024,10,10,1636.43,1,Loyal Customers,3.375035307,0.588924268
15025,33,1,361.96,0,Regular Customers,-0.6246241,-1.046931394
15026,80,3,469,0,Regular Customers,-0.15932949,-0.262041179
15027,31,4,1066.15,0,Regular Customers,0.927212149,-0.29561154
15028,8,4,627.13,0,Regular Customers,0.655964896,-0.758936154
15030,72,2,518.28,0,Regular Customers,-0.380347251,-0.445859428
15031,4,4,653.19,0,Regular Customers,0.699588986,-0.784551453
15033,5,10,2557.18,1,Loyal Customers,4.217018456,1.033577814
15035,90,1,252.73,0,Regular Customers,-1.013868225,-0.541234109
15036,72,3,429.56,0,Regular Customers,-0.153258104,-0.362410909
15038,59,6,685.74,1,Loyal Customers,1.057802246,0.039563654
15041,170,1,179.93,2,At-Risk Customers,-1.488800066,0.211722658
15042,199,1,135.93,2,At-Risk Customers,-1.676575827,0.475218414
15043,31,1,537,0,Regular Customers,-0.459174521,-0.972790256
15045,152,2,735.66,2,At-Risk Customers,-0.598006458,0.462833399
15047,270,1,343.62,2,At-Risk Customers,-1.856657552,1.289607627
15048,65,4,381,0,Regular Customers,0.145345681,-0.326711426
15049,274,1,121.17,2,At-Risk Customers,-2.074400371,1.209822812
15050,25,3,1737.69,1,Loyal Customers,1.24762837,-0.12566976
15051,23,3,1383.36,0,Regular Customers,0.943740246,-0.335635032
15052,319,1,207.73,2,At-Risk Customers,-2.228499585,1.701794052
15053,5,3,693.95,0,Regular Customers,0.424848817,-0.883839173
15054,12,2,302.1,0,Regular Customers,-0.264221027,-1.15590132
15057,275,2,1489.5,2,At-Risk Customers,-0.560625328,2.085152606
15058,25,11,2102.54,1,Loyal Customers,4.017087233,1.11864845
15059,41,9,1337.72,1,Loyal Customers,2.645426801,0.604457511
15060,8,4,294.25,0,Regular Customers,0.360834582,-0.937588782
15062,71,4,987.86,0,Regular Customers,0.652606692,0.058384993
15063,213,1,370.8,2,At-Risk Customers,-1.540158687,0.739875109
15066,53,1,893.59,0,Regular Customers,-0.255879589,-0.563605161
15067,78,3,1744.76,1,Loyal Customers,0.982014823,0.402842932
15068,46,2,553.36,0,Regular Customers,-0.215869468,-0.684441403
15069,179,1,1109.53,2,At-Risk Customers,-0.710788367,0.799730727
15071,94,2,982.07,0,Regular Customers,-0.082009151,0.020858597
15073,10,3,1043.41,0,Regular Customers,0.709029679,-0.646786534
15074,105,1,735.67,0,Regular Customers,-0.662642883,-0.133540931
15075,78,1,773.03,0,Regular Customers,-0.491013814,-0.380799603
15076,173,1,880.85,2,At-Risk Customers,-0.882756233,0.617598893
15079,213,4,895.61,2,At-Risk Customers,-0.157619847,1.414724601
15081,22,5,504.8,0,Regular Customers,0.781437696,-0.554920875
15083,257,1,88.2,2,At-Risk Customers,-2.016424099,1.023822343
15087,282,1,306.94,2,At-Risk Customers,-1.950736059,1.388726065
15088,21,2,1160.07,0,Regular Customers,0.45028375,-0.606336197
15089,10,6,2420.84,1,Loyal Customers,2.847498609,0.485653692
15090,308,1,381.32,2,At-Risk Customers,-2.018166966,1.686053884
15091,68,1,480.71,0,Regular Customers,-0.698885316,-0.636687629
15092,215,2,457.81,2,At-Risk Customers,-1.167527591,0.937436463
15095,104,4,1370.6,1,Loyal Customers,0.822657833,0.590508274
15096,43,1,219.39,0,Regular Customers,-0.802324643,-1.024443516
15097,4,1,248.08,0,Regular Customers,-0.576824228,-1.395159417
15099,84,1,410.48,0,Regular Customers,-0.843228523,-0.515973684
15101,9,2,317.53,0,Regular Customers,-0.235151305,-1.177321264
15103,31,2,703.36,0,Regular Customers,-0.005932285,-0.752443418
15104,197,2,993.54,2,At-Risk Customers,-0.600213923,1.046749989
15105,18,7,2298.93,1,Loyal Customers,3.00412285,0.630492308
15106,18,5,1422.52,1,Loyal Customers,1.615604612,-0.101993147
15107,311,6,319.5,2,At-Risk Customers,-0.559625877,2.337894178
15108,142,4,1300.25,1,Loyal Customers,0.565351643,0.928965416
15109,246,1,484.95,2,At-Risk Customers,-1.608238558,1.12784942
15110,24,4,996.1,0,Regular Customers,0.901014965,-0.402508937
15111,29,3,1567.48,1,Loyal Customers,1.076201363,-0.177418005
15114,30,10,2760.56,1,Loyal Customers,4.269088371,1.390238011
15115,18,1,340.11,0,Regular Customers,-0.567048563,-1.207163204
15116,18,4,1352.75,1,Loyal Customers,1.247998753,-0.270501313
15117,15,5,1551.78,1,Loyal Customers,1.745595638,-0.062321921
15118,134,1,244.8,2,At-Risk Customers,-1.246612117,-0.109874843
15119,246,1,266.4,2,At-Risk Customers,-1.80200427,1.010556305
15120,134,1,358.82,2,At-Risk Customers,-1.14552236,-0.048681702
15121,50,2,457.72,0,Regular Customers,-0.321182957,-0.69616884
15122,114,3,1633.78,1,Loyal Customers,0.698945899,0.699693759
15123,7,2,2199.31,1,Loyal Customers,1.443488348,-0.187193625
15124,23,2,184.19,0,Regular Customers,-0.425187941,-1.110278376
15127,66,1,406.53,0,Regular Customers,-0.75439337,-0.696299819
15128,60,4,1471,1,Loyal Customers,1.137385323,0.208776526
15130,170,1,330.11,2,At-Risk Customers,-1.355650972,0.292322429
15132,18,5,977.93,1,Loyal Customers,1.221432579,-0.340599167
15133,128,3,982.42,0,Regular Customers,0.049634434,0.488721643
15134,15,8,1387.99,1,Loyal Customers,2.517623982,0.242964365
15135,239,1,139.05,2,At-Risk Customers,-1.879003446,0.872906698
15136,3,4,1286.7,1,Loyal Customers,1.266386715,-0.454454723
15139,240,2,178.96,2,At-Risk Customers,-1.54300121,1.035289712
15140,52,7,2354.25,1,Loyal Customers,2.87875465,0.996793622
15142,46,1,498.74,0,Regular Customers,-0.570043387,-0.844818749
15143,226,1,259.45,2,At-Risk Customers,-1.705569217,0.808819416
15145,4,4,1194.73,1,Loyal Customers,1.17971657,-0.493913553
15146,165,2,1327.16,2,At-Risk Customers,-0.140272487,0.908988711
15147,240,1,623.5,2,At-Risk Customers,-1.454621513,1.142805439
15148,11,1,301.29,0,Regular Customers,-0.565557332,-1.297299842
15149,134,1,520.8,0,Regular Customers,-1.001911424,0.038250985
15153,31,1,329.25,0,Regular Customers,-0.643364988,-1.084287142
15154,75,1,254.28,0,Regular Customers,-0.935546324,-0.688907425
15156,1,3,961.49,0,Regular Customers,0.682568281,-0.779855106
15157,4,3,1936.07,1,Loyal Customers,1.531238171,-0.227108893
15158,45,1,401.4,0,Regular Customers,-0.651214866,-0.906960282
15163,18,2,304.47,0,Regular Customers,-0.292898863,-1.095227297
15164,69,3,824.58,0,Regular Customers,0.212354864,-0.180109538
15167,321,1,158.8,2,At-Risk Customers,-2.282140452,1.69533461
15168,26,1,106.56,0,Regular Customers,-0.815151985,-1.253303871
15172,9,5,1624.05,1,Loyal Customers,1.840449053,-0.082937568
15174,323,1,135.75,2,At-Risk Customers,-2.312836196,1.702764648
15175,72,1,224.14,0,Regular Customers,-0.946878814,-0.734784231
15178,260,1,40.5,2,At-Risk Customers,-2.074104297,1.027923372
15179,18,5,2206.95,1,Loyal Customers,2.311077672,0.319000847
15181,66,3,689.48,0,Regular Customers,0.107965183,-0.282317094
15182,154,2,622.85,2,At-Risk Customers,-0.708283123,0.422090341
15184,29,2,402.2,0,Regular Customers,-0.262680061,-0.933873
15185,70,1,310.62,0,Regular Customers,-0.859946241,-0.708172162
15186,14,2,411.41,0,Regular Customers,-0.177566831,-1.077435288
15192,120,3,1044.32,0,Regular Customers,0.14555353,0.442739853
15193,61,1,499.32,0,Regular Customers,-0.646476836,-0.696002288
15197,11,3,1079.61,0,Regular Customers,0.735994635,-0.617458091
15198,92,2,193.64,0,Regular Customers,-0.770768908,-0.42208284
15199,59,4,1268.7,1,Loyal Customers,0.963156653,0.090304243
15201,87,5,1236.54,1,Loyal Customers,1.096756049,0.481317496
15203,26,6,1827.8,1,Loyal Customers,2.239633774,0.325781899
15205,85,2,653.24,0,Regular Customers,-0.327380143,-0.244723554
15206,10,4,420.3,0,Regular Customers,0.462330407,-0.850138597
15208,1,5,870.12,1,Loyal Customers,1.213055953,-0.56676535
15210,225,1,331.18,2,At-Risk Customers,-1.636843789,0.837415685
15211,60,2,894.41,0,Regular Customers,0.014686511,-0.362799199
15212,241,1,101.8,2,At-Risk Customers,-1.922288864,0.87271577
15213,319,2,328.35,2,At-Risk Customers,-1.815810283,1.897592791
15214,2,8,1661.44,1,Loyal Customers,2.826751838,0.261017147
15215,47,3,734.94,0,Regular Customers,0.245736925,-0.446025831
15216,88,1,96.6,0,Regular Customers,-1.142032879,-0.644827863
15219,176,1,305.75,2,At-Risk Customers,-1.408027538,0.338650787
15220,52,6,1778.96,1,Loyal Customers,2.06295642,0.55697905
15222,319,1,585,2,At-Risk Customers,-1.894013243,1.904270251
15223,226,2,755.75,2,At-Risk Customers,-0.959803261,1.20624102
15225,234,1,409.4,2,At-Risk Customers,-1.613662799,0.968498512
15226,311,1,154.41,2,At-Risk Customers,-2.234734161,1.593975096
15227,37,5,1219.4,1,Loyal Customers,1.338052032,-0.022898605
15230,239,2,429.6,2,At-Risk Customers,-1.315654764,1.159904792
15232,113,2,612.06,0,Regular Customers,-0.507525856,0.010385316
15234,277,1,197,2,At-Risk Customers,-2.022559277,1.280220883
15236,299,1,321.05,2,At-Risk Customers,-2.025433545,1.564604602
15237,2,4,1412.32,1,Loyal Customers,1.382890839,-0.396936349
15238,29,3,1071.99,0,Regular Customers,0.636901558,-0.443341433
15239,10,2,780.59,0,Regular Customers,0.170266324,-0.918902275
15240,45,5,1706.57,1,Loyal Customers,1.728936593,0.317762344
15241,67,8,1756.44,1,Loyal Customers,2.5775386,0.955524941
15243,74,1,316.68,0,Regular Customers,-0.875092845,-0.665318453
15244,65,2,631.57,0,Regular Customers,-0.243995794,-0.454360488
15245,134,3,2515.84,1,Loyal Customers,1.378380496,1.371091491
15246,238,2,514.15,2,At-Risk Customers,-1.235563167,1.195381398
15247,122,1,356,0,Regular Customers,-1.086464422,-0.168999307
15252,36,2,740.78,0,Regular Customers,0.001594939,-0.682858834
15253,16,5,918.2,1,Loyal Customers,1.178735847,-0.392456219
15254,127,1,300.36,0,Regular Customers,-1.161443889,-0.149358888
15255,67,1,890.85,0,Regular Customers,-0.330126695,-0.426470849
15256,149,1,98.45,2,At-Risk Customers,-1.453313221,-0.039913917
15257,283,1,317.15,2,At-Risk Customers,-1.946813752,1.404105992
15258,169,2,623.16,2,At-Risk Customers,-0.784955954,0.570761896
15260,100,7,1810.77,1,Loyal Customers,2.150674508,1.180331129
15261,135,1,254.82,2,At-Risk Customers,-1.242858263,-0.094596885
15262,324,1,178.95,2,At-Risk Customers,-2.279665063,1.735849905
15263,107,1,156.51,0,Regular Customers,-1.186383926,-0.424568334
15264,64,1,393.74,0,Regular Customers,-0.755473252,-0.722964747
15265,151,2,1506.12,0,Regular Customers,0.090210691,0.86642952
15267,22,5,1717.36,1,Loyal Customers,1.856489407,0.095845259
15269,24,1,408.8,0,Regular Customers,-0.536927305,-1.110896048
15270,16,7,2379.49,1,Loyal Customers,3.085806772,0.653927184
15272,57,2,721.94,0,Regular Customers,-0.122835289,-0.485062777
15274,4,2,716.57,0,Regular Customers,0.144285473,-1.0126631
15275,38,1,615.14,0,Regular Customers,-0.425804769,-0.861551055
15276,66,1,128.63,0,Regular Customers,-1.000778596,-0.845445353
15277,47,1,255.9,0,Regular Customers,-0.790474377,-0.965247663
15280,172,1,113.12,2,At-Risk Customers,-1.558293283,0.195667238
15281,59,9,2332.15,1,Loyal Customers,3.434747961,1.316362158
15286,50,1,240.55,0,Regular Customers,-0.819473172,-0.943784784
15287,22,2,486.69,0,Regular Customers,-0.15186259,-0.957830668
15288,43,5,2306.52,1,Loyal Customers,2.271109981,0.619947486
15289,29,3,939.78,0,Regular Customers,0.519684606,-0.514296925
15292,201,1,178.39,2,At-Risk Customers,-1.649190621,0.517806868
15297,10,3,641.94,0,Regular Customers,0.353087696,-0.862250577
15300,64,1,496.44,0,Regular Customers,-0.664419769,-0.667846912
15303,290,1,574.02,2,At-Risk Customers,-1.754982569,1.611267401
15304,61,8,694.4,1,Loyal Customers,1.666716497,0.326138979
15306,64,3,1174.35,0,Regular Customers,0.548109022,-0.041893981
15307,96,1,205.3,0,Regular Customers,-1.086698577,-0.507287137
15308,274,1,310.47,2,At-Risk Customers,-1.906567613,1.311417809
15312,75,4,924.85,0,Regular Customers,0.576222853,0.064169677
15313,110,1,52,0,Regular Customers,-1.294431683,-0.450956538
15314,199,1,327.97,2,At-Risk Customers,-1.506313794,0.578283935
15315,64,2,570.5,0,Regular Customers,-0.29301041,-0.497036356
15316,327,1,165,2,At-Risk Customers,-2.307422622,1.758064147
15318,4,1,312.62,0,Regular Customers,-0.519603276,-1.360521587
15319,284,1,204.5,2,At-Risk Customers,-2.051818717,1.353548459
15320,44,1,267.13,0,Regular Customers,-0.765128361,-0.988921696
15321,71,3,2748.31,1,Loyal Customers,1.90766787,0.872133535
15322,86,1,679.68,0,Regular Customers,-0.614816378,-0.351696643
15325,104,1,161.74,0,Regular Customers,-1.16635749,-0.451462493
15327,53,1,208.75,0,Regular Customers,-0.863056483,-0.931150419
15329,39,3,1049.7,0,Regular Customers,0.565840867,-0.356300749
15330,32,2,714.96,0,Regular Customers,-0.000777608,-0.736317494
15333,208,1,1028.56,2,At-Risk Customers,-0.931341608,1.043385136
15334,157,3,350.82,2,At-Risk Customers,-0.659105556,0.43685966
15335,54,1,170.22,0,Regular Customers,-0.902346899,-0.941928654
15339,66,2,574.07,0,Regular Customers,-0.30010495,-0.47531969
15341,81,1,2020.52,0,Regular Customers,0.599617184,0.318414072
15342,130,1,406.09,0,Regular Customers,-1.083093553,-0.062913852
15343,87,1,364.5,0,Regular Customers,-0.899383775,-0.510949552
15344,1,3,563.94,0,Regular Customers,0.330101758,-0.993215333
15345,46,1,393.54,0,Regular Customers,-0.663313361,-0.901278303
15348,72,1,158.04,0,Regular Customers,-1.005482857,-0.770259293
15349,158,2,463.91,2,At-Risk Customers,-0.869718185,0.376390567
15351,12,7,1934.66,1,Loyal Customers,2.711941336,0.375590978
15353,255,2,770.12,2,At-Risk Customers,-1.095828372,1.501063242
15355,29,2,277.05,0,Regular Customers,-0.37363764,-1.001039476
15356,31,10,2718.03,1,Loyal Customers,4.226251567,1.377313025
15360,40,1,427.93,0,Regular Customers,-0.60204423,-0.942223683
15364,96,2,913.19,0,Regular Customers,-0.153337623,0.003692234
15365,26,7,2314.32,1,Loyal Customers,2.976728814,0.717954697
15366,75,2,602.51,0,Regular Customers,-0.321058744,-0.37095318
15367,57,4,1877.59,1,Loyal Customers,1.513256216,0.397287374
15368,21,1,446.94,0,Regular Customers,-0.487722971,-1.120127812
15370,41,7,2386.05,1,Loyal Customers,2.963376721,0.904956493
15372,137,1,2007.4,0,Regular Customers,0.300713715,0.865792074
15374,129,1,168,0,Regular Customers,-1.28905352,-0.200594191
15376,40,3,1221.56,0,Regular Customers,0.713081533,-0.254165242
15380,9,5,1690.26,1,Loyal Customers,1.899150621,-0.047403471
15381,214,2,596.85,2,At-Risk Customers,-1.039125339,1.002157187
15384,170,2,642.41,2,At-Risk Customers,-0.773018812,0.590993481
15385,40,1,316.88,0,Regular Customers,-0.700500795,-1.001822861
15386,186,1,394.14,2,At-Risk Customers,-1.380959705,0.485092075
15388,270,1,140.54,2,At-Risk Customers,-2.036707612,1.180617073
15389,172,1,500,2,At-Risk Customers,-1.215286746,0.403301006
15392,5,4,1535.53,1,Loyal Customers,1.476738885,-0.301110012
15393,16,2,231.86,0,Regular Customers,-0.34701496,-1.153996888
15394,10,4,2183.54,1,Loyal Customers,2.025613196,0.096170764
15395,326,1,107.45,2,At-Risk Customers,-2.353316418,1.71727742
15396,113,1,288.18,0,Regular Customers,-1.100424806,-0.294500581
15397,290,1,94,2,At-Risk Customers,-2.180566724,1.353646533
15398,16,2,1345.53,0,Regular Customers,0.640361201,-0.556303808
15399,1,3,815.77,0,Regular Customers,0.553373408,-0.858061249
15400,92,5,716.2,0,Regular Customers,0.60977509,0.251559104
15402,149,2,626.77,2,At-Risk Customers,-0.679158439,0.37469243
15405,189,1,349.1,2,At-Risk Customers,-1.436281556,0.490620693
15406,31,2,510.71,0,Regular Customers,-0.176735142,-0.855836318
15407,34,4,1046.74,0,Regular Customers,0.894613772,-0.276327613
15408,264,1,267.18,2,At-Risk Customers,-1.893649934,1.18918114
15411,26,4,1348.93,1,Loyal Customers,1.203573193,-0.193348697
15412,171,1,190.53,2,At-Risk Customers,-1.484531986,0.227311894
15414,10,3,774.9,0,Regular Customers,0.470969595,-0.790892569
15415,313,1,559.61,2,At-Risk Customers,-1.885744863,1.831241675
15417,85,1,508.8,0,Regular Customers,-0.761188179,-0.453306196
15419,25,1,135.86,0,Regular Customers,-0.784044857,-1.247479265
15421,59,4,950.36,0,Regular Customers,0.680917456,-0.080544945
15422,323,2,97.7,2,At-Risk Customers,-2.040823195,1.813407137
15423,38,1,43.5,0,Regular Customers,-0.932618914,-1.168343257
15424,254,2,383.34,2,At-Risk Customers,-1.433616404,1.283582797
15426,19,5,1404.07,1,Loyal Customers,1.594117057,-0.101994692
15427,33,3,1430.54,0,Regular Customers,0.934271429,-0.211310648
15428,15,1,93.78,0,Regular Customers,-0.770054396,-1.369066541
15429,27,2,397.35,0,Regular Customers,-0.256720365,-0.956276627
15432,23,1,171.19,0,Regular Customers,-0.742461705,-1.248318776
15433,214,2,533.3,2,At-Risk Customers,-1.09546856,0.968050678
15434,8,5,1041.48,1,Loyal Customers,1.32907425,-0.405496114
15435,22,1,149.29,0,Regular Customers,-0.756748328,-1.269972584
15436,12,3,1067.75,0,Regular Customers,0.720349753,-0.613922862
15437,262,1,200.16,2,At-Risk Customers,-1.942809956,1.133411634
15438,131,1,156.58,2,At-Risk Customers,-1.309438144,-0.186922475
15440,55,3,383.68,0,Regular Customers,-0.106727796,-0.555340017
15442,249,1,594,2,At-Risk Customers,-1.526944721,1.216076258
15444,9,2,1411.21,0,Regular Customers,0.734501789,-0.590356573
15445,264,1,113.5,2,At-Risk Customers,-2.029902117,1.106702962
15448,313,1,494.64,2,At-Risk Customers,-1.943347052,1.79637307
15449,26,3,974.52,0,Regular Customers,0.565874511,-0.525353428
15450,30,1,429.84,0,Regular Customers,-0.54905238,-1.040202064
15452,30,3,528.48,0,Regular Customers,0.149897533,-0.725136263
15453,2,7,1371.77,1,Loyal Customers,2.264183362,-0.025508661
15456,283,3,434.59,2,At-Risk Customers,-1.231195821,1.729261524
15457,262,1,237.07,2,At-Risk Customers,-1.910085671,1.15322078
15458,25,1,161.64,0,Regular Customers,-0.761188393,-1.233643454
15462,94,3,234.6,0,Regular Customers,-0.43896559,-0.249235958
15463,29,1,126.14,0,Regular Customers,-0.813181957,-1.213094488
15466,85,1,334.53,0,Regular Customers,-0.915695388,-0.546834776
15467,9,3,524.88,0,Regular Customers,0.25443253,-0.934975594
15468,51,2,467.51,0,Regular Customers,-0.31763302,-0.681014321
15469,50,2,538.55,0,Regular Customers,-0.249519345,-0.652788367
15471,2,1,454.48,0,Regular Customers,-0.383570976,-1.30418775
15472,113,1,371.56,0,Regular Customers,-1.026500372,-0.249751554
15473,14,7,1771.2,1,Loyal Customers,2.556758547,0.307664684
15475,77,1,454.11,0,Regular Customers,-0.768637393,-0.561860415
15478,40,2,1399.92,0,Regular Customers,0.565466916,-0.289505069
15480,116,1,905.5,0,Regular Customers,-0.568500458,0.066508555
15483,161,4,225.26,2,At-Risk Customers,-0.485198013,0.540137984
15485,30,3,2564.5,1,Loyal Customers,1.955026173,0.36757079
15488,93,1,91.32,0,Regular Customers,-1.172363335,-0.598159847
15489,23,3,1134.28,0,Regular Customers,0.722906737,-0.469313224
15492,28,2,659.46,0,Regular Customers,-0.029464346,-0.805705048
15493,33,5,1953.41,1,Loyal Customers,2.009342266,0.33143421
15494,21,2,1280.58,0,Regular Customers,0.55712752,-0.541659952
15497,18,2,1262.2,0,Regular Customers,0.556221407,-0.58122531
15500,8,4,1131.56,0,Regular Customers,1.103190876,-0.488214738
15504,81,1,52.83,0,Regular Customers,-1.144930302,-0.737621105
15506,23,3,972.08,0,Regular Customers,0.57910075,-0.556363982
15507,172,1,475.86,2,At-Risk Customers,-1.236689191,0.390345363
15508,189,6,1000.27,1,Loyal Customers,0.669783659,1.495412971
15511,12,5,900.53,1,Loyal Customers,1.183589064,-0.441540874
15512,156,2,121,2,At-Risk Customers,-1.163481374,0.17255427
15516,45,3,62.43,0,Regular Customers,-0.34024854,-0.826754421
15517,233,1,267.03,2,At-Risk Customers,-1.734757729,0.882189928
15518,64,8,1921.55,1,Loyal Customers,2.739314119,1.014436424
15520,2,1,343.5,0,Regular Customers,-0.48196548,-1.36374936
15521,40,8,3000.2,1,Loyal Customers,3.818757944,1.355726407
15522,33,2,397.99,0,Regular Customers,-0.286932014,-0.896531074
15523,84,1,412.01,0,Regular Customers,-0.84187203,-0.515152552
15524,25,1,440,0,Regular Customers,-0.514395332,-1.084251043
15525,2,3,734.37,0,Regular Customers,0.476074591,-0.891847289
15526,33,2,148.44,0,Regular Customers,-0.508182223,-1.030461509
15527,19,8,2428.53,1,Loyal Customers,3.419643946,0.841010849
15528,254,1,229.33,2,At-Risk Customers,-1.87590917,1.069864053
15530,22,4,1497.31,1,Loyal Customers,1.355645793,-0.153316346
15531,8,2,1972.39,1,Loyal Customers,1.237171977,-0.29907847
15532,25,4,1564.73,1,Loyal Customers,1.400030609,-0.087431819
15533,19,3,807.57,0,Regular Customers,0.453766105,-0.684255871
15535,173,4,502.9,2,At-Risk Customers,-0.300601441,0.807948124
15537,163,1,110.92,2,At-Risk Customers,-1.51407519,0.105383416
15539,7,1,538.46,0,Regular Customers,-0.33476381,-1.209614983
15540,11,1,213.3,0,Regular Customers,-0.643568977,-1.344523
15541,114,1,85.13,0,Regular Customers,-1.285578114,-0.39357469
15543,288,1,127.86,2,At-Risk Customers,-2.140286869,1.35201809
15545,54,2,288.97,0,Regular Customers,-0.491315533,-0.747133521
15549,77,3,1681.46,1,Loyal Customers,0.931023096,0.35897025
15550,4,4,575.63,0,Regular Customers,0.630824545,-0.826176957
15551,37,1,436.06,0,Regular Customers,-0.579446663,-0.967561448
15552,217,1,90.12,2,At-Risk Customers,-1.809528033,0.628838965
15553,60,1,428.93,0,Regular Customers,-0.703754533,-0.743680086
15554,278,1,217.2,2,At-Risk Customers,-2.009779868,1.300962321
15556,24,1,279.77,0,Regular Customers,-0.651324879,-1.180144872
15557,29,1,468.91,0,Regular Customers,-0.509283201,-1.029134018
15561,12,4,800.59,0,Regular Customers,0.789234581,-0.62624091
15563,22,4,1400.44,1,Loyal Customers,1.26976117,-0.205305291
15565,50,2,173.16,0,Regular Customers,-0.573472918,-0.848888715
15567,19,1,186.01,0,Regular Customers,-0.708802961,-1.279966445
15568,3,3,758.29,0,Regular Customers,0.492152139,-0.869109372
15569,104,5,1375.71,1,Loyal Customers,1.132936348,0.724314207
15571,12,4,650.43,0,Regular Customers,0.656103219,-0.706829947
15572,5,7,2533.42,1,Loyal Customers,3.278708899,0.627635734
15573,32,2,591.19,0,Regular Customers,-0.110511684,-0.802743341
15574,178,4,675.64,2,At-Risk Customers,-0.17309995,0.950157299
15576,38,1,921.37,0,Regular Customers,-0.154302257,-0.697201156
15577,151,3,258.88,2,At-Risk Customers,-0.709840188,0.328114513
15578,162,1,127.1,2,At-Risk Customers,-1.494600211,0.104166679
15579,69,2,327.6,0,Regular Customers,-0.534013977,-0.57789609
15582,25,3,682.91,0,Regular Customers,0.312463889,-0.691757296
15584,24,4,720.86,0,Regular Customers,0.656988085,-0.550226881
15585,177,1,455.3,2,At-Risk Customers,-1.280566845,0.42881279
15587,50,4,913.68,0,Regular Customers,0.694565693,-0.189333762
15589,256,3,478.53,2,At-Risk Customers,-1.053732946,1.485534257
15592,47,1,388.58,0,Regular Customers,-0.672840725,-0.894039929
15593,71,1,199.8,0,Regular Customers,-0.963328733,-0.757747557
15594,16,5,1771.78,1,Loyal Customers,1.93551707,0.065649735
15596,101,5,1406.59,1,Loyal Customers,1.17570399,0.71118609
15597,35,1,324.57,0,Regular Customers,-0.668033641,-1.047197459
15598,53,1,240.68,0,Regular Customers,-0.834747449,-0.914013979
15599,27,2,761.74,0,Regular Customers,0.066346611,-0.760712967
15602,8,9,1297.87,1,Loyal Customers,2.779380808,0.256359103
15603,79,1,48.48,0,Regular Customers,-1.138527308,-0.759756388
15604,52,1,216.39,0,Regular Customers,-0.851153039,-0.93695047
15605,36,5,1198.23,1,Loyal Customers,1.324412625,-0.044160631
15606,61,9,2920.16,1,Loyal Customers,3.945816004,1.651740631
15608,28,4,1093.68,0,Regular Customers,0.967009692,-0.310537562
15609,184,1,298.48,2,At-Risk Customers,-1.455511856,0.413951831
15610,52,1,112.46,0,Regular Customers,-0.943297035,-0.992728431
15612,36,2,195.15,0,Regular Customers,-0.482158826,-0.975691787
15618,33,4,776.851,0,Regular Customers,0.660460917,-0.431074087
15619,11,1,336.4,0,Regular Customers,-0.534428921,-1.278456734
15620,57,3,1553.18,1,Loyal Customers,0.91988737,0.092117032
15621,4,4,1293.03,1,Loyal Customers,1.266869027,-0.441157144
15623,141,1,301.03,2,At-Risk Customers,-1.232667699,-0.01039447
15624,117,4,588.13,0,Regular Customers,0.062234517,0.299270678
15625,104,4,1534.26,1,Loyal Customers,0.967758251,0.678342596
15626,75,2,675.8,0,Regular Customers,-0.256080071,-0.331619333
15628,5,9,2870.24,1,Loyal Customers,4.188828417,1.070529831
15630,45,2,1186.35,0,Regular Customers,0.350467231,-0.354623751
15634,17,1,243.55,0,Regular Customers,-0.647528496,-1.268886121
15636,90,2,724.76,0,Regular Customers,-0.289619971,-0.156837917
15637,53,1,223.36,0,Regular Customers,-0.850103305,-0.923309411
15639,134,1,425.32,2,At-Risk Customers,-1.086563678,-0.012991965
15641,105,4,1887.2,1,Loyal Customers,1.27554385,0.877661526
15643,192,3,664,2,At-Risk Customers,-0.560985773,0.95145163
15644,166,4,803.54,2,At-Risk Customers,0.00185391,0.89999552
15645,19,1,612.01,0,Regular Customers,-0.331112761,-1.051337451
15646,158,3,447.64,2,At-Risk Customers,-0.578395107,0.498722116
15648,204,2,639.5,2,At-Risk Customers,-0.950013539,0.926043466
15651,37,3,646.3,0,Regular Customers,0.218447443,-0.59260129
15652,91,1,337.74,0,Regular Customers,-0.943628483,-0.485709935
15653,93,2,877.44,0,Regular Customers,-0.16964392,-0.04519539
15654,9,2,922.53,0,Regular Customers,0.301239707,-0.852625157
15655,243,1,560.67,2,At-Risk Customers,-1.52571592,1.138786382
15656,45,4,748.5,0,Regular Customers,0.573766873,-0.327485576
15657,23,1,30,0,Regular Customers,-0.867640295,-1.324093724
15658,190,5,1024.1,2,At-Risk Customers,0.380033407,1.387039127
15659,44,1,306.45,0,Regular Customers,-0.730267378,-0.967819133
15660,25,9,1600.86,1,Loyal Customers,2.960803381,0.587276006
15661,317,2,309.8,2,At-Risk Customers,-1.821996962,1.867836542
15663,106,1,138.14,0,Regular Customers,-1.197540862,-0.444327634
15664,51,1,386.43,0,Regular Customers,-0.695266288,-0.855592426
15665,168,2,2222.21,1,Loyal Customers,0.637886366,1.419052145
15667,40,1,301.32,0,Regular Customers,-0.71429624,-1.010173723
15668,218,1,76.32,2,At-Risk Customers,-1.826892913,0.631333019
15669,40,4,684.34,0,Regular Customers,0.542532053,-0.411421192
15670,297,1,173.05,2,At-Risk Customers,-2.146390169,1.46537412
15671,19,7,2657.13,1,Loyal Customers,3.316571948,0.832634216
15673,88,4,2726.23,1,Loyal Customers,2.106632456,1.159652801
15674,73,5,2446.6,1,Loyal Customers,2.241409098,0.992137074
15675,81,3,323.69,0,Regular Customers,-0.293290704,-0.330126935
15677,49,1,657.23,0,Regular Customers,-0.444916208,-0.730058066
15678,53,1,352.7,0,Regular Customers,-0.735430886,-0.853894214
15679,24,4,781.28,0,Regular Customers,0.710556259,-0.517800206
15680,9,3,1333.68,0,Regular Customers,0.971511952,-0.500902517
15681,25,5,1426.16,1,Loyal Customers,1.582922909,-0.030737186
15683,117,1,193.75,0,Regular Customers,-1.204665514,-0.305578627
15687,9,9,2993.1,1,Loyal Customers,4.277236309,1.176068673
15689,120,2,254.1,0,Regular Customers,-0.860800931,-0.112425023
15690,4,2,239.76,0,Regular Customers,-0.278452706,-1.2685612
15691,252,1,136.8,2,At-Risk Customers,-1.947686274,1.000403642
15692,28,1,191.04,0,Regular Customers,-0.750511985,-1.188163797
15695,267,2,409.98,2,At-Risk Customers,-1.476685452,1.426584651
15696,33,8,2711.11,1,Loyal Customers,3.598360615,1.131272918
15699,18,1,309.65,0,Regular Customers,-0.594054299,-1.223510714
15700,172,2,696.68,2,At-Risk Customers,-0.735162898,0.639920218
15701,2,4,1529,1,Loyal Customers,1.486338944,-0.334315619
15703,265,1,211.5,2,At-Risk Customers,-1.948145484,1.16919871
15704,140,4,2293.62,1,Loyal Customers,1.456329911,1.442294265
15705,201,1,143.1,2,At-Risk Customers,-1.680478619,0.498867156
15706,64,4,1060.56,0,Regular Customers,0.752971188,0.028099776
15707,35,4,916.98,0,Regular Customers,0.774439138,-0.336067874
15709,284,1,133.25,2,At-Risk Customers,-2.114988733,1.315309455
15712,9,5,1072.36,1,Loyal Customers,1.351322512,-0.37902285
15713,143,2,356.7,2,At-Risk Customers,-0.887822543,0.170347088
15714,12,2,330.03,0,Regular Customers,-0.239458381,-1.14091163
15716,146,4,1101.11,0,Regular Customers,0.368275394,0.861690793
15717,234,1,150.3,2,At-Risk Customers,-1.843380008,0.829442709
15720,24,1,598.73,0,Regular Customers,-0.368535991,-1.008962938
15721,12,1,471.4,0,Regular Customers,-0.41986821,-1.196103538
15722,36,5,2211.21,1,Loyal Customers,2.222517363,0.499493356
15724,201,2,218.25,2,At-Risk Customers,-1.308102869,0.670262702
15725,15,1,415.25,0,Regular Customers,-0.485040151,-1.196537521
15729,213,1,85,2,At-Risk Customers,-1.793548028,0.586489742
15730,66,3,1120.88,0,Regular Customers,0.490443006,-0.050789986
15732,212,2,294.12,2,At-Risk Customers,-1.297265072,0.819885004
15733,283,1,162.3,2,At-Risk Customers,-2.084103253,1.32099989
15734,115,2,1339.45,0,Regular Customers,0.127116037,0.420567331
15737,15,8,1188.12,1,Loyal Customers,2.340419897,0.135696578
15739,66,1,449.12,0,Regular Customers,-0.716633216,-0.673442287
15740,49,1,154.88,0,Regular Customers,-0.890298067,-0.999663172
15743,16,4,775.96,0,Regular Customers,0.746878324,-0.599858148
15744,78,1,34.8,0,Regular Customers,-1.145526106,-0.776998622
15745,19,4,1094.59,0,Regular Customers,1.0139851,-0.399152285
15746,134,1,196.88,2,At-Risk Customers,-1.289097832,-0.135592921
15747,13,3,946.64,0,Regular Customers,0.60784418,-0.669020774
15748,40,1,144.36,0,Regular Customers,-0.85345646,-1.094412237
15750,3,8,2463.05,1,Loyal Customers,3.532326785,0.701131784
15752,40,7,2626.6,1,Loyal Customers,3.181777405,1.024156393
15753,305,1,79.2,2,At-Risk Customers,-2.27063603,1.494208735
15754,51,3,458.57,0,Regular Customers,-0.019811189,-0.554748851
15755,10,6,2364.25,1,Loyal Customers,2.797326101,0.455282531
15756,61,4,528.01,0,Regular Customers,0.296203644,-0.287414338
15757,66,2,714.42,0,Regular Customers,-0.175671101,-0.39999556
15758,25,1,205.25,0,Regular Customers,-0.722523911,-1.2102385
15759,218,3,253.04,2,At-Risk Customers,-1.058717528,0.988303402
15762,65,2,583.75,0,Regular Customers,-0.286392849,-0.480024897
15763,32,2,1086.92,0,Regular Customers,0.329000905,-0.536691108
15766,64,1,315.06,0,Regular Customers,-0.825230681,-0.765191342
15768,116,3,621.83,0,Regular Customers,-0.208505335,0.176393251
15773,6,1,635.68,0,Regular Customers,-0.243439032,-1.167338543
15774,69,1,270.8,0,Regular Customers,-0.890120677,-0.739443415
15775,245,1,104.9,2,At-Risk Customers,-1.940059794,0.913980884
15776,133,1,241.62,2,At-Risk Customers,-1.24430165,-0.121481855
15777,241,4,1047.11,2,At-Risk Customers,-0.166936105,1.773242472
15780,184,3,475.28,2,At-Risk Customers,-0.687265544,0.770965149
15781,25,3,345.46,0,Regular Customers,0.013281828,-0.872862588
15782,10,3,2614.74,1,Loyal Customers,2.102165692,0.196527075
15783,11,1,246.3,0,Regular Customers,-0.614311285,-1.326812303
15785,33,5,2328.97,1,Loyal Customers,2.342312527,0.532992672
15787,26,3,933.26,0,Regular Customers,0.529293531,-0.547497165
15790,10,1,218.75,0,Regular Customers,-0.63360718,-1.351498397
15791,44,2,1612.69,0,Regular Customers,0.733588719,-0.135712628
15793,15,3,965.61,0,Regular Customers,0.61440323,-0.639039116
15795,150,1,610.01,2,At-Risk Customers,-1.004895652,0.244534429
15796,1,8,2708.61,1,Loyal Customers,3.760299164,0.813120144
15797,113,4,2207.4,1,Loyal Customers,1.518393357,1.128711717
15799,76,3,884.14,0,Regular Customers,0.229251649,-0.078841996
15800,107,2,696.89,0,Regular Customers,-0.401536787,-0.003489532
15801,46,3,1063.95,0,Regular Customers,0.542565955,-0.27935053
15802,143,1,451.42,2,At-Risk Customers,-1.109592109,0.090118696
15803,51,1,415.82,0,Regular Customers,-0.669209211,-0.839819172
15806,46,3,784.58,0,Regular Customers,0.294877431,-0.429284995
15807,50,3,903.9,0,Regular Customers,0.380146771,-0.325646027
15809,36,5,515.77,0,Regular Customers,0.719345832,-0.410428573
15810,79,4,1391.98,1,Loyal Customers,0.969859396,0.354474022
15811,22,6,2218.62,1,Loyal Customers,2.606652882,0.495928835
15812,107,5,1801.14,1,Loyal Customers,1.494731653,0.982338326
15813,208,2,1303.91,2,At-Risk Customers,-0.381469197,1.322225575
15814,17,4,1945.33,1,Loyal Customers,1.778508078,0.037628786
15815,64,5,2100.6,1,Loyal Customers,1.980815241,0.717339993
15819,49,4,1905.45,1,Loyal Customers,1.578995561,0.333036732
15820,320,1,206.98,2,At-Risk Customers,-2.234294377,1.711291882
15821,44,2,570.96,0,Regular Customers,-0.190005675,-0.694796389
15822,3,2,885.47,0,Regular Customers,0.299161503,-0.931916879
15825,172,1,532.94,2,At-Risk Customers,-1.186082251,0.420979502
15826,56,3,1654.31,1,Loyal Customers,1.01467874,0.136491922
15829,99,2,636.14,0,Regular Customers,-0.414358777,-0.115296079
15830,38,1,576,0,Regular Customers,-0.460506164,-0.882557014
15831,58,3,794.64,0,Regular Customers,0.242238454,-0.30508177
15832,254,1,836.79,2,At-Risk Customers,-1.33733713,1.395880412
15834,70,4,2225.15,1,Loyal Customers,1.754713785,0.71252307
15835,44,4,954.09,0,Regular Customers,0.761172137,-0.227048281
15836,50,1,137.37,0,Regular Customers,-0.910952221,-0.99916023
15837,65,1,391.98,0,Regular Customers,-0.762163507,-0.714008972
15839,33,3,1048.49,0,Regular Customers,0.595547155,-0.416352214
15840,59,2,355.56,0,Regular Customers,-0.457926283,-0.661893755
15841,73,4,1224.06,1,Loyal Customers,0.851761146,0.204951337
15843,304,1,118.95,2,At-Risk Customers,-2.230263966,1.505641729
15844,46,1,130.74,0,Regular Customers,-0.896310977,-1.042319851
15847,38,2,389.27,0,Regular Customers,-0.320312362,-0.851709264
15850,19,2,234.88,0,Regular Customers,-0.359726973,-1.122675054
15852,187,2,160.71,2,At-Risk Customers,-1.287299814,0.500776851
15853,52,1,110.8,0,Regular Customers,-0.944768786,-0.993619333
15855,137,5,712.24,0,Regular Customers,0.375421142,0.694949367
15857,19,1,297,0,Regular Customers,-0.610399592,-1.220399469
15858,16,5,1427.57,1,Loyal Customers,1.630341615,-0.119083565
15860,41,8,965.16,1,Loyal Customers,2.009368323,0.273445653
15862,8,4,832.88,0,Regular Customers,0.838382169,-0.648512644
15863,26,2,68.84,0,Regular Customers,-0.542846407,-1.142484275
15864,22,6,1936.32,1,Loyal Customers,2.35636663,0.344421875
15865,41,3,895.13,0,Regular Customers,0.418539923,-0.419455888
15866,101,1,211.89,0,Regular Customers,-1.106505129,-0.454248638
15869,277,2,149.64,2,At-Risk Customers,-1.758800491,1.385866809
15870,33,1,351.44,0,Regular Customers,-0.633951097,-1.052577349
15872,15,2,316.25,0,Regular Customers,-0.267065219,-1.118606152
15877,2,2,490.33,0,Regular Customers,-0.046038478,-1.153884034
15881,312,5,501.39,2,At-Risk Customers,-0.709240653,2.314349204
15882,199,4,516.36,2,At-Risk Customers,-0.42204382,1.072580924
15883,2,2,396.48,0,Regular Customers,-0.129245579,-1.204252182
15885,93,3,379.35,0,Regular Customers,-0.305500871,-0.181450747
15886,60,1,181.09,0,Regular Customers,-0.923488663,-0.876692785
15888,81,1,168.31,0,Regular Customers,-1.042546114,-0.6756444
15889,157,2,420.07,2,At-Risk Customers,-0.90345674,0.34296183
15891,227,1,511.68,2,At-Risk Customers,-1.487072773,0.95408852
15894,253,2,258.25,2,At-Risk Customers,-1.539390941,1.206548177
15895,150,1,179.17,2,At-Risk Customers,-1.38687698,0.013307866
15897,194,2,208.59,2,At-Risk Customers,-1.280758478,0.59577588
15898,1,5,1383.83,1,Loyal Customers,1.66850955,-0.291063471
15900,24,1,337.28,0,Regular Customers,-0.600336702,-1.149279958
15901,17,3,351.73,0,Regular Customers,0.059879549,-0.948700319
15904,8,1,164.68,0,Regular Customers,-0.671285774,-1.400317796
15906,20,7,1567.69,1,Loyal Customers,2.34554818,0.257845427
15907,4,3,882.72,0,Regular Customers,0.597341523,-0.792428966
15909,174,1,191.94,2,At-Risk Customers,-1.49867142,0.25776966
15910,1,8,1228.88,1,Loyal Customers,2.448375409,0.018967136
15912,178,2,264.62,2,At-Risk Customers,-1.149004944,0.467440969
15916,16,8,1502.86,1,Loyal Customers,2.614337501,0.314514036
15917,248,1,123.1,2,At-Risk Customers,-1.939313269,0.953449638
15918,191,2,334.23,2,At-Risk Customers,-1.153976932,0.633504296
15919,20,2,525.69,0,Regular Customers,-0.107025628,-0.956700536
15920,154,4,167.5,2,At-Risk Customers,-0.500498924,0.439836479
15921,173,1,323.03,2,At-Risk Customers,-1.377317612,0.318223716
15925,194,1,207.15,2,At-Risk Customers,-1.587783184,0.46393959
15930,67,1,426.63,0,Regular Customers,-0.741702621,-0.67561205
15932,4,8,2495.87,1,Loyal Customers,3.556295044,0.728646222
15933,21,3,1107.46,0,Regular Customers,0.709387903,-0.503507881
15935,239,2,416.86,2,At-Risk Customers,-1.326950007,1.15306739
15937,64,1,145.35,0,Regular Customers,-0.975695009,-0.856272625
15938,112,5,404.58,0,Regular Customers,0.230896922,0.282323368
15940,311,1,35.8,2,At-Risk Customers,-2.339893398,1.530318559
15942,134,1,337.44,2,At-Risk Customers,-1.164477798,-0.060156087
15944,277,1,325.1,2,At-Risk Customers,-1.908986238,1.348970587
15947,83,1,1708.24,0,Regular Customers,0.312491073,0.170617903
15948,8,2,955.24,0,Regular Customers,0.33537013,-0.844970445
15949,17,2,364.72,0,Regular Customers,-0.234351566,-1.072792204
15950,32,4,1744.71,1,Loyal Customers,1.52369137,0.078463665
15951,9,2,708.22,0,Regular Customers,0.111233165,-0.967642715
15952,34,4,781.91,0,Regular Customers,0.659816365,-0.418458638
15953,15,8,1657.28,1,Loyal Customers,2.756375611,0.387489017
15957,32,1,428.89,0,Regular Customers,-0.560154337,-1.020911226
15958,74,1,104.35,0,Regular Customers,-1.063343925,-0.779273369
15963,20,2,470.76,0,Regular Customers,-0.155726386,-0.986180795
15965,17,4,808.87,0,Regular Customers,0.770926377,-0.572295408
15967,23,2,397.68,0,Regular Customers,-0.235908409,-0.995700902
15969,3,3,666.1,0,Regular Customers,0.410416788,-0.918586618
15970,304,1,314.1,2,At-Risk Customers,-2.057244617,1.610376349
15975,84,1,371.01,0,Regular Customers,-0.878222495,-0.537156751
15976,165,2,427.64,2,At-Risk Customers,-0.937783963,0.42622732
15977,17,2,1054.73,0,Regular Customers,0.377409032,-0.702472269
15978,77,1,1098.78,0,Regular Customers,-0.19707509,-0.215873904
15980,89,3,2398.86,1,Loyal Customers,1.505509438,0.862794209
15983,22,4,1465.12,1,Loyal Customers,1.327106245,-0.170592325
15984,3,10,2780.63,1,Loyal Customers,4.425388182,1.133700007
15985,123,2,1142.42,0,Regular Customers,-0.088608874,0.394026501
15986,30,1,168.12,0,Regular Customers,-0.781092472,-1.18066399
15987,12,7,1432.77,1,Loyal Customers,2.266967311,0.106232748
15988,19,1,156.78,0,Regular Customers,-0.734718183,-1.295653829
15990,44,2,792.11,0,Regular Customers,0.006065188,-0.576107886
15992,4,1,41.99,0,Regular Customers,-0.759542945,-1.505765401
15993,9,7,2777.67,1,Loyal Customers,3.474740766,0.798323106
15994,55,1,414.27,0,Regular Customers,-0.691102816,-0.801049656
15996,88,6,1032.58,1,Loyal Customers,1.216543945,0.512818461
16003,30,5,2735.37,1,Loyal Customers,2.718014967,0.721401549
16005,12,4,578.71,0,Regular Customers,0.592516503,-0.745321195
16006,211,1,101.4,2,At-Risk Customers,-1.768748152,0.575490731
16007,48,4,1693.81,1,Loyal Customers,1.396486077,0.209551785
16008,24,3,478.78,0,Regular Customers,0.136612746,-0.811211718
16009,22,4,972.11,0,Regular Customers,0.8900052,-0.435184768
16010,246,3,392.4,2,At-Risk Customers,-1.078797071,1.340305884
16012,35,3,1415.29,0,Regular Customers,0.910491139,-0.199694446
16014,38,3,646.83,0,Regular Customers,0.213787494,-0.5824165
16015,4,3,704.55,0,Regular Customers,0.439376587,-0.888050628
16016,3,8,1465.51,1,Loyal Customers,2.647911099,0.165764256
16017,47,1,211.88,0,Regular Customers,-0.829502365,-0.988872659
16018,39,2,408.9,0,Regular Customers,-0.308038314,-0.831273738
16020,17,3,851.01,0,Regular Customers,0.502539556,-0.680742844
16022,260,1,602.63,2,At-Risk Customers,-1.575721687,1.329611674
16023,46,3,719.81,0,Regular Customers,0.237452562,-0.464046263
16024,12,1,251.03,0,Regular Customers,-0.615247528,-1.314373424
16025,30,1,439.66,0,Regular Customers,-0.540346,-1.03493179
16026,43,1,236.09,0,Regular Customers,-0.787518478,-1.01548083
16027,92,6,934.62,1,Loyal Customers,1.109173551,0.499845908
16030,310,1,331.24,2,At-Risk Customers,-2.07282742,1.678977251
16031,92,2,547.9,0,Regular Customers,-0.456683156,-0.231955827
16034,196,3,437.7,2,At-Risk Customers,-0.782141989,0.869600567
16036,87,2,758.92,0,Regular Customers,-0.243944293,-0.168205699
16037,270,3,855.02,2,At-Risk Customers,-0.791755979,1.826196676
16038,8,3,471.78,0,Regular Customers,0.21248409,-0.97337406
16040,65,3,1313.55,0,Regular Customers,0.666393439,0.042713303
16042,22,5,1177.47,1,Loyal Customers,1.377824707,-0.193907106
16043,38,4,773.99,0,Regular Customers,0.632275139,-0.383107823
16045,120,4,1340.7,1,Loyal Customers,0.714071071,0.732866836
16049,40,3,1074.81,0,Regular Customers,0.582973465,-0.332924174
16050,174,1,137.9,2,At-Risk Customers,-1.546583106,0.228767052
16052,54,1,362.06,0,Regular Customers,-0.732262185,-0.838970471
16053,33,2,1511.95,0,Regular Customers,0.700701261,-0.298682355
16054,145,1,783.9,2,At-Risk Customers,-0.825076124,0.28835734
16055,221,1,134.8,2,At-Risk Customers,-1.790434272,0.692419557
16056,45,1,650.75,0,Regular Customers,-0.430141975,-0.773137185
16057,16,7,2263.12,1,Loyal Customers,2.982633512,0.591472828
16059,66,6,1453.16,1,Loyal Customers,1.702285381,0.520731008
16062,10,4,1153.62,1,Loyal Customers,1.112489509,-0.456574714
16063,260,1,335.32,2,At-Risk Customers,-1.812717854,1.186149664
16066,17,5,1521.04,1,Loyal Customers,1.708081965,-0.059019013
16070,22,2,852.15,0,Regular Customers,0.172153045,-0.761692752
16071,45,1,326.24,0,Regular Customers,-0.717851475,-0.947297736
16072,288,1,584.32,2,At-Risk Customers,-1.735590933,1.596994594
16073,297,1,122.4,2,At-Risk Customers,-2.191296292,1.438190884
16076,3,10,2234.73,1,Loyal Customers,3.941395036,0.840722148
16078,284,1,79.2,2,At-Risk Customers,-2.162909285,1.286301481
16079,17,3,1352,0,Regular Customers,0.946715644,-0.411867634
16080,82,2,217.16,0,Regular Customers,-0.698617703,-0.508463398
16081,56,5,2799.42,1,Loyal Customers,2.641425516,1.013185384
16083,101,2,1317.62,0,Regular Customers,0.179579461,0.2702466
16084,299,1,436.18,2,At-Risk Customers,-1.923359665,1.626393466
16085,23,5,981.51,1,Loyal Customers,1.19895737,-0.289176098
16086,59,5,1121.39,1,Loyal Customers,1.138300098,0.142308225
16091,155,2,315.06,2,At-Risk Customers,-0.986298571,0.266803555
16092,115,3,817.86,0,Regular Customers,-0.029575936,0.271699811
16093,107,1,17,0,Regular Customers,-1.310073033,-0.499441646
16094,12,4,1078.23,0,Regular Customers,1.035389293,-0.477234915
16096,264,1,320.62,2,At-Risk Customers,-1.846270206,1.217861735
16097,240,1,185.05,2,At-Risk Customers,-1.843349842,0.907494682
16098,88,7,2005.63,1,Loyal Customers,2.384994883,1.166105965
16099,50,3,731.9,0,Regular Customers,0.227652136,-0.417956325
16101,71,1,1290.7,0,Regular Customers,0.003859621,-0.172274858
16102,42,3,1842.14,1,Loyal Customers,1.253026031,0.098693151
16103,7,6,1429.64,1,Loyal Customers,1.984093482,-0.076012271
16104,62,1,298.21,0,Regular Customers,-0.829910146,-0.794035222
16105,249,1,336.96,2,At-Risk Customers,-1.754835541,1.078126032
16106,66,1,108.38,0,Regular Customers,-1.01873218,-0.856313281
16108,85,1,842.5,0,Regular Customers,-0.465330856,-0.274213484
16109,219,2,611.88,2,At-Risk Customers,-1.051449015,1.059725331
16110,45,3,1320.95,0,Regular Customers,0.775551155,-0.151322116
16112,143,4,195.74,0,Regular Customers,-0.419033137,0.346088742
16113,183,1,161.38,2,At-Risk Customers,-1.571934421,0.330471591
16114,171,1,135.75,2,At-Risk Customers,-1.533099754,0.197912137
16115,10,8,1660.88,1,Loyal Customers,2.785216584,0.339919366
16116,212,1,612.78,2,At-Risk Customers,-1.32049017,0.859842473
16117,190,1,232.21,2,At-Risk Customers,-1.54504569,0.437787604
16119,8,2,423.36,0,Regular Customers,-0.13619293,-1.130423942
16120,59,4,1309.14,1,Loyal Customers,0.999010624,0.112007897
16121,57,2,854.66,0,Regular Customers,-0.005166173,-0.413833575
16122,73,4,684.42,0,Regular Customers,0.373318095,-0.084666856
16123,52,1,307.78,0,Regular Customers,-0.770126965,-0.887902574
16124,317,1,249,2,At-Risk Customers,-2.181650048,1.704142466
16127,39,1,656.25,0,Regular Customers,-0.394486623,-0.829587475
16128,18,5,1880.22,1,Loyal Customers,2.021399928,0.143648849
16134,22,2,618.09,0,Regular Customers,-0.035363782,-0.887309894
16135,263,1,517.55,2,At-Risk Customers,-1.66654287,1.313651314
16136,60,3,709.38,0,Regular Customers,0.156387528,-0.33103908
16139,19,3,635.41,0,Regular Customers,0.301129615,-0.776652039
16140,66,2,725.18,0,Regular Customers,-0.16613132,-0.394220799
16141,88,1,620.4,0,Regular Customers,-0.677633521,-0.363710804
16142,250,1,535.34,2,At-Risk Customers,-1.58408233,1.194494499
16143,3,6,2424.94,1,Loyal Customers,2.887042571,0.418551694
16144,247,1,175.2,2,At-Risk Customers,-1.887991735,0.971510725
16146,157,3,734.13,2,At-Risk Customers,-0.31926417,0.642577453
16147,134,1,375,2,At-Risk Customers,-1.131177225,-0.039998094
16148,296,1,76.32,2,At-Risk Customers,-2.227020824,1.403559965
16149,5,2,280.52,0,Regular Customers,-0.247444869,-1.236785461
16150,43,5,2053.02,1,Loyal Customers,2.046357714,0.483897134
16152,269,1,1829.04,2,At-Risk Customers,-0.534559217,2.076914043
16153,50,5,1824.23,1,Loyal Customers,1.807604337,0.430410755
16157,16,3,656.69,0,Regular Customers,0.335385928,-0.794932359
16159,282,1,348.2,2,At-Risk Customers,-1.914155079,1.410869802
16160,65,2,1025.44,0,Regular Customers,0.105208054,-0.242975272
16162,252,1,37.4,2,At-Risk Customers,-2.035813987,0.947056877
16163,232,2,856.6,2,At-Risk Customers,-0.901169053,1.319768056
16164,17,3,822.48,0,Regular Customers,0.477244952,-0.696054547
16169,8,4,1822.97,1,Loyal Customers,1.716192709,-0.11714344
16170,51,6,1885.05,1,Loyal Customers,2.162145311,0.604015911
16171,59,1,73.2,0,Regular Customers,-1.014013737,-0.944496375
16172,95,5,1140.21,1,Loyal Customers,0.970311428,0.508821126
16173,16,6,1418.32,1,Loyal Customers,1.927888602,0.007015532
16174,126,3,1009.55,0,Regular Customers,0.083947493,0.483481292
16175,94,4,1037.59,0,Regular Customers,0.578710711,0.312782421
16177,50,1,331.95,0,Regular Customers,-0.738438232,-0.894731521
16178,138,1,197.9,2,At-Risk Customers,-1.308712883,-0.095444118
16179,61,1,215.83,0,Regular Customers,-0.897818138,-0.848147906
16181,73,1,305.54,0,Regular Customers,-0.879839687,-0.6811975
16183,67,1,338.71,0,Regular Customers,-0.819652204,-0.722797639
16184,64,6,1158.79,1,Loyal Customers,1.451557597,0.342945535
16185,17,2,529.41,0,Regular Customers,-0.088337953,-0.984405093
16188,45,4,981.86,0,Regular Customers,0.780663082,-0.202244116
16189,16,2,215.48,0,Regular Customers,-0.361537415,-1.162787834
16190,40,1,215.08,0,Regular Customers,-0.79075634,-1.056457677
16193,237,1,314.45,2,At-Risk Customers,-1.713234692,0.947241044
16198,75,1,400.681,0,Regular Customers,-0.805747679,-0.610335797
16200,4,2,1068.87,0,Regular Customers,0.456633495,-0.823587995
16201,3,4,1863.47,1,Loyal Customers,1.777749101,-0.144909312
16203,59,4,592.9,0,Regular Customers,0.363994594,-0.272389358
16204,23,1,384.18,0,Regular Customers,-0.553625471,-1.134009646
16205,31,4,757.63,0,Regular Customers,0.653679331,-0.461190453
16206,55,4,537.06,0,Regular Customers,0.335006414,-0.341959386
16207,25,1,394.38,0,Regular Customers,-0.554841874,-1.10873474
16208,45,2,664.26,0,Regular Customers,-0.112416047,-0.634823073
16209,89,5,2262.62,1,Loyal Customers,1.996215515,1.051802784
16211,89,1,547.02,0,Regular Customers,-0.747821833,-0.393192608
16212,19,2,690.34,0,Regular Customers,0.044082366,-0.878235238
16213,79,1,159,0,Regular Customers,-1.040540639,-0.700441654
16214,171,3,1062.75,2,At-Risk Customers,-0.099728588,0.957548627
16215,81,1,242.35,0,Regular Customers,-0.976902493,-0.635908037
16216,267,1,914.93,2,At-Risk Customers,-1.334746448,1.566521686
16217,235,2,304.25,2,At-Risk Customers,-1.406270282,1.053029597
16221,37,3,860.86,0,Regular Customers,0.408675633,-0.47744956
16222,318,1,773.55,2,At-Risk Customers,-1.721715587,1.995562386
16224,57,4,1295.3,1,Loyal Customers,0.996999816,0.084779447
16225,45,5,1096.32,1,Loyal Customers,1.187890949,-0.009751374
16226,203,3,255.12,2,At-Risk Customers,-0.979925732,0.840914531
16227,225,1,314.22,2,At-Risk Customers,-1.65188047,0.82831346
16229,87,2,1010.6,0,Regular Customers,-0.020805632,-0.033132118
16230,190,2,542.03,2,At-Risk Customers,-0.96461229,0.735127671
16232,44,4,990.88,0,Regular Customers,0.79379003,-0.207303538
16233,71,3,536.68,0,Regular Customers,-0.053156019,-0.314821259
16235,41,5,867.31,1,Loyal Customers,1.005370815,-0.172259624
16236,78,1,432.2,0,Regular Customers,-0.793192572,-0.563718899
16239,57,2,414.2,0,Regular Customers,-0.395676561,-0.650223074
16243,34,2,409.1,0,Regular Customers,-0.282211769,-0.880668127
16244,212,2,1522.75,2,At-Risk Customers,-0.207965752,1.479275711
16245,24,3,1413.66,0,Regular Customers,0.965474282,-0.309473047
16247,170,1,114.56,2,At-Risk Customers,-1.546756894,0.176639378
16248,62,1,152.94,0,Regular Customers,-0.95870605,-0.871999855
16249,53,5,1800.07,1,Loyal Customers,1.770794625,0.447145415
16250,261,2,389.44,2,At-Risk Customers,-1.464117079,1.356159011
16255,17,8,2619.91,1,Loyal Customers,3.599580515,0.923921465
16256,267,1,752.43,2,At-Risk Customers,-1.478818414,1.479309922
16257,177,1,46.95,2,At-Risk Customers,-1.642608612,0.209656335
16260,51,1,1035.45,0,Regular Customers,-0.11984729,-0.507271323
16261,17,4,728.54,0,Regular Customers,0.699706063,-0.615407537
16266,74,7,861.89,1,Loyal Customers,1.442776589,0.413669847
16268,71,2,667.65,0,Regular Customers,-0.242786454,-0.37559472
16271,3,5,1404.64,1,Loyal Customers,1.676699938,-0.260094307
16272,117,1,411.7,0,Regular Customers,-1.01143176,-0.188607525
16275,197,1,559.87,2,At-Risk Customers,-1.290452326,0.68294114
16276,177,1,810.6,2,At-Risk Customers,-0.965559032,0.619497958
16278,100,1,566.38,0,Regular Customers,-0.787085616,-0.273898532
16279,21,3,1502.78,1,Loyal Customers,1.059877316,-0.291344468
16281,72,1,2062.06,0,Regular Customers,0.682615017,0.251604973
16283,6,5,1570.81,1,Loyal Customers,1.808636179,-0.141211862
16284,31,2,812.68,0,Regular Customers,0.090990467,-0.69377271
16287,170,1,142.5,2,At-Risk Customers,-1.521985381,0.191634434
16292,122,1,302.25,0,Regular Customers,-1.134118996,-0.197846275
16293,22,10,2248.99,1,Loyal Customers,3.85657085,1.03648188
16295,10,4,1328.55,1,Loyal Customers,1.267581872,-0.362691921
16297,269,1,301.9,2,At-Risk Customers,-1.888516522,1.257316667
16298,23,3,598.2,0,Regular Customers,0.247619971,-0.757020809
16302,127,1,233.22,0,Regular Customers,-1.220969992,-0.185392105
16305,139,1,361.22,2,At-Risk Customers,-1.169043753,0.002108076
16306,214,6,632.27,2,At-Risk Customers,0.215269943,1.545420505
16308,38,4,2560,1,Loyal Customers,2.215745735,0.575421918
16309,106,2,706.57,0,Regular Customers,-0.387824686,-0.00819474
16311,18,2,616.26,0,Regular Customers,-0.016466874,-0.927893414
16313,3,2,274.15,0,Regular Customers,-0.2428328,-1.260004853
16316,64,8,2938.91,1,Loyal Customers,3.641302151,1.560441104
16317,120,3,1341.65,0,Regular Customers,0.409165331,0.602313231
16318,35,1,328.15,0,Regular Customers,-0.664859625,-1.045276117
16319,218,1,404.4,2,At-Risk Customers,-1.536018263,0.807409546
16320,172,2,1038.46,2,At-Risk Customers,-0.432141874,0.823349367
16321,72,5,373.65,0,Regular Customers,0.408668286,-0.130290204
16322,1,2,326.75,0,Regular Customers,-0.185938123,-1.251575766
16323,196,1,207.5,2,At-Risk Customers,-1.597732565,0.483928122
16324,128,3,408.59,0,Regular Customers,-0.459121358,0.180754095
16325,47,3,594.24,0,Regular Customers,0.120992768,-0.521537802
16330,18,3,251.91,0,Regular Customers,-0.03375038,-0.992372148
16332,28,7,1582.8,1,Loyal Customers,2.317905896,0.345157543
16337,37,1,151.05,0,Regular Customers,-0.832135593,-1.120522832
16338,157,1,214.8,2,At-Risk Customers,-1.391196454,0.10173247
16339,284,1,94.05,2,At-Risk Customers,-2.149743324,1.294271294
16340,107,1,534.31,0,Regular Customers,-0.851427687,-0.221807691
16341,25,4,1971.87,1,Loyal Customers,1.760999595,0.131075243
16342,75,4,322.41,0,Regular Customers,0.042101529,-0.259152509
16343,16,2,328.58,0,Regular Customers,-0.261263326,-1.102088446
16344,158,1,101.1,2,At-Risk Customers,-1.497132345,0.050611415
16345,44,1,565.46,0,Regular Customers,-0.500629964,-0.828811631
16347,11,2,847.45,0,Regular Customers,0.224414335,-0.873118985
16348,32,7,1415.65,1,Loyal Customers,2.149191875,0.295051562
16349,291,1,53.5,2,At-Risk Customers,-2.221603736,1.341811023
16350,21,4,1116.47,0,Regular Customers,1.023124146,-0.367608865
16352,18,2,494.44,0,Regular Customers,-0.124472085,-0.99327272
16354,63,2,395.8,0,Regular Customers,-0.442769011,-0.600696056
16356,198,3,211.77,2,At-Risk Customers,-0.992710474,0.768147388
16357,33,3,658.88,0,Regular Customers,0.250120209,-0.62545114
16358,1,4,2027.5,1,Loyal Customers,1.93343725,-0.076677107
16359,7,9,1750.92,1,Loyal Customers,3.186183294,0.489605156
16361,10,4,891.21,0,Regular Customers,0.879837666,-0.597406955
16362,32,5,709.99,0,Regular Customers,0.912060025,-0.345794455
16363,53,1,109.36,0,Regular Customers,-0.95117533,-0.984491818
16364,12,2,705.79,0,Regular Customers,0.0936892,-0.93924583
16365,18,9,1540.42,1,Loyal Customers,2.94312639,0.485536179
16366,19,1,327.3,0,Regular Customers,-0.583535712,-1.204137829
16367,37,2,800.67,0,Regular Customers,0.049563371,-0.640816257
16368,2,2,479.91,0,Regular Customers,-0.055276815,-1.159476321
16369,18,3,1545.41,1,Loyal Customers,1.113062469,-0.298166505
16370,82,4,1301.91,1,Loyal Customers,0.874614095,0.33583559
16372,33,2,355.73,0,Regular Customers,-0.324399591,-0.9192115
16374,66,2,466.73,0,Regular Customers,-0.395272241,-0.532927756
16376,9,2,974.96,0,Regular Customers,0.347723972,-0.824486617
16377,267,1,676.2,2,At-Risk Customers,-1.546403682,1.438398212
16378,247,3,362.95,2,At-Risk Customers,-1.110037189,1.334400774
16379,4,4,2157.4,1,Loyal Customers,2.033216628,0.022739672
16380,61,1,1743.15,0,Regular Customers,0.456298754,-0.028453927
16383,75,2,643.76,0,Regular Customers,-0.28448663,-0.348814809
16384,90,2,584.5,0,Regular Customers,-0.413974026,-0.232113745
16385,60,3,554.86,0,Regular Customers,0.019390604,-0.413968075
16386,29,2,302.57,0,Regular Customers,-0.351011692,-0.987343204
16387,323,1,94.36,2,At-Risk Customers,-2.349532434,1.68055114
16389,53,4,1382.07,1,Loyal Customers,1.094449193,0.091746464
16392,270,1,217.89,2,At-Risk Customers,-1.968129357,1.222129872
16394,57,5,1555.34,1,Loyal Customers,1.533298432,0.355403196
16395,61,5,1482.06,1,Loyal Customers,1.447809245,0.355676098
16398,154,2,1705.8,0,Regular Customers,0.251856787,1.003296372
16399,19,2,408.02,0,Regular Customers,-0.206221618,-1.029752932
16400,95,1,303.93,0,Regular Customers,-0.994123698,-0.464253967
16402,265,2,293.45,2,At-Risk Customers,-1.569740877,1.344243733
16403,312,1,177.5,2,At-Risk Customers,-2.219392488,1.616267562
16404,70,1,443.05,0,Regular Customers,-0.742534238,-0.6370986
16405,302,2,167.25,2,At-Risk Customers,-1.871433648,1.642826517
16406,19,1,154.35,0,Regular Customers,-0.736872613,-1.29695798
16407,13,10,2079.68,1,Loyal Customers,3.752629766,0.856512163
16409,36,5,2022.98,1,Loyal Customers,2.055633264,0.398472615
16411,19,2,211.7,0,Regular Customers,-0.380278285,-1.135115477
16412,54,1,135.99,0,Regular Customers,-0.932695104,-0.960299477
16413,57,1,262.2,0,Regular Customers,-0.836187268,-0.862863076
16414,22,2,126.25,0,Regular Customers,-0.471427509,-1.151274411
16415,44,1,200.27,0,Regular Customers,-0.824406218,-1.024804641
16416,27,3,1051.4,0,Regular Customers,0.628906221,-0.474192526
16418,45,3,631.12,0,Regular Customers,0.163950144,-0.521545447
16419,113,6,958.71,1,Loyal Customers,1.02280492,0.720681972
16423,25,1,346.12,0,Regular Customers,-0.597629032,-1.134635292
16424,191,1,133.56,2,At-Risk Customers,-1.637638301,0.3947437
16425,302,1,302.7,2,At-Risk Customers,-2.05709213,1.584457418
16426,2,10,1863.76,1,Loyal Customers,3.617624098,0.631726737
16427,263,2,241.06,2,At-Risk Customers,-1.605929989,1.296325969
16429,106,1,284.55,0,Regular Customers,-1.067734237,-0.365751176
16430,57,1,300.85,0,Regular Customers,-0.801920305,-0.842120093
16431,213,3,623.28,2,At-Risk Customers,-0.704814736,1.137504958
16432,64,1,287.4,0,Regular Customers,-0.849753946,-0.780036126
16433,28,1,184.26,0,Regular Customers,-0.756523111,-1.19180254
16434,29,7,1511.8,1,Loyal Customers,2.249827684,0.316953056
16438,6,5,798.35,0,Regular Customers,1.123775681,-0.555781704
16441,67,2,381.2,0,Regular Customers,-0.476232703,-0.568930316
16442,2,3,609.3,0,Regular Customers,0.36518794,-0.958970829
16444,46,4,654.67,0,Regular Customers,0.485447659,-0.367942645
16445,34,1,230.51,0,Regular Customers,-0.746297083,-1.107578657
16447,136,1,255.91,2,At-Risk Customers,-1.247021718,-0.08411155
16448,198,1,182.99,2,At-Risk Customers,-1.629722741,0.490574595
16449,198,2,707.69,2,At-Risk Customers,-0.858777439,0.903238133
16450,150,1,311.92,2,At-Risk Customers,-1.269181266,0.084553169
16451,88,1,266.97,0,Regular Customers,-0.990983397,-0.553392366
16454,45,2,6.9,0,Regular Customers,-0.695229262,-0.987620152
16455,64,7,1841.18,1,Loyal Customers,2.362310334,0.840239368
16456,99,5,2158.18,1,Loyal Customers,1.852320904,1.094754567
16457,218,1,208.36,2,At-Risk Customers,-1.709826682,0.702197274
16460,28,3,811.23,0,Regular Customers,0.410842444,-0.593188484
16461,178,1,142.92,2,At-Risk Customers,-1.562651771,0.271062607
16462,74,3,136,0,Regular Customers,-0.423787126,-0.500160282
16463,21,4,1422.4,1,Loyal Customers,1.294360679,-0.203419973
16464,20,3,1298.66,0,Regular Customers,0.88403504,-0.410793523
16466,34,7,1595.96,1,Loyal Customers,2.298794439,0.411622427
16468,74,1,74.9,0,Regular Customers,-1.089454198,-0.795078824
16469,24,4,625.42,0,Regular Customers,0.572371295,-0.601448363
16470,52,4,752.77,0,Regular Customers,0.541643726,-0.255891501
16471,275,1,223.95,2,At-Risk Customers,-1.988405806,1.274883928
16473,165,3,316.11,2,At-Risk Customers,-0.730918088,0.497433991
16474,7,7,1810.65,1,Loyal Customers,2.627643702,0.259534599
16475,88,4,544.3,0,Regular Customers,0.172140489,-0.011362366
16477,64,7,2494.46,1,Loyal Customers,2.941506235,1.190846761
16478,25,3,331,0,Regular Customers,0.000461639,-0.880623093
16479,10,2,300.83,0,Regular Customers,-0.255087315,-1.176383604
16480,76,1,769.29,0,Regular Customers,-0.484069996,-0.402607506
16482,16,1,220.62,0,Regular Customers,-0.662728314,-1.291092718
16483,192,1,139.35,2,At-Risk Customers,-1.637634751,0.407751468
16484,174,2,404.3,2,At-Risk Customers,-1.004645735,0.502804136
16485,77,1,363.65,0,Regular Customers,-0.848838932,-0.610409191
16488,33,3,498.8,0,Regular Customers,0.108193808,-0.71136412
16491,47,1,731.5,0,Regular Customers,-0.368808981,-0.709998955
16493,80,4,1351.63,1,Loyal Customers,0.928955373,0.342719015
16494,297,1,826.53,2,At-Risk Customers,-1.567016948,1.81608885
16495,3,3,648.26,0,Regular Customers,0.394599903,-0.928161128
16496,9,3,1599.52,1,Loyal Customers,1.207204822,-0.358229438
16497,50,6,2965.69,1,Loyal Customers,3.125367028,1.174081847
16498,161,2,100.97,2,At-Risk Customers,-1.206889131,0.211306141
16500,5,6,400.86,0,Regular Customers,1.082240205,-0.647946616
16503,107,4,1431.93,1,Loyal Customers,0.861643274,0.653124371
16504,25,1,465.88,0,Regular Customers,-0.491450209,-1.070361564
16505,32,1,777.6,0,Regular Customers,-0.250989197,-0.833762831
16506,20,2,90.3,0,Regular Customers,-0.493040971,-1.190369028
16509,297,1,363.7,2,At-Risk Customers,-1.977360505,1.567693645
16511,22,3,918.33,0,Regular Customers,0.536576022,-0.595111296
16513,5,4,874.59,0,Regular Customers,0.890751653,-0.655828433
16515,52,5,1624.14,1,Loyal Customers,1.619945511,0.342825588
16516,30,1,101.7,0,Regular Customers,-0.839980225,-1.216310792
16517,277,1,162.7,2,At-Risk Customers,-2.052969544,1.261812492
16518,61,2,484.32,0,Regular Customers,-0.35402778,-0.572989145
16519,25,2,215.08,0,Regular Customers,-0.408060658,-1.0738994
16520,186,3,1046.57,2,At-Risk Customers,-0.191021398,1.097370201
16526,172,1,290.36,2,At-Risk Customers,-1.401152881,0.29078978
16527,81,1,228.06,0,Regular Customers,-0.98957196,-0.643577305
16528,4,1,244.41,0,Regular Customers,-0.580078038,-1.397129061
16529,190,1,455.25,2,At-Risk Customers,-1.34729916,0.557490447
16531,22,7,1244.59,1,Loyal Customers,2.048829092,0.104242296
16533,19,3,1082.81,0,Regular Customers,0.697792984,-0.536537926
16535,5,1,593.75,0,Regular Customers,-0.275484187,-1.199742207
16536,110,1,548.12,0,Regular Customers,-0.854573322,-0.184694996
16539,3,4,1388.81,1,Loyal Customers,1.356917105,-0.399653534
16542,54,1,119.62,0,Regular Customers,-0.947208693,-0.969085056
16545,165,1,339.3,2,At-Risk Customers,-1.321853923,0.247752862
16546,291,2,787.15,2,At-Risk Customers,-1.26540405,1.866615472
16550,109,5,2298.97,1,Loyal Customers,1.925846405,1.269318294
16551,96,3,922.12,0,Regular Customers,0.160327692,0.139548315
16552,243,2,379.73,2,At-Risk Customers,-1.380388723,1.172741554
16554,42,3,837.1,0,Regular Customers,0.361960871,-0.440699535
16555,35,2,285.89,0,Regular Customers,-0.396579195,-0.936893083
16557,24,2,281.85,0,Regular Customers,-0.343732751,-1.047965102
16560,27,2,841.41,0,Regular Customers,0.136981771,-0.717955052
16561,6,2,511.12,0,Regular Customers,-0.048125512,-1.103124913
16563,54,1,1077.74,0,Regular Customers,-0.09774265,-0.45487376
16566,15,5,614.66,0,Regular Customers,0.914748126,-0.565262773
16567,194,2,865.6,2,At-Risk Customers,-0.698255572,0.948385118
16569,3,1,124.2,0,Regular Customers,-0.681525984,-1.471544644
16571,27,3,1421.69,0,Regular Customers,0.957204118,-0.275462408
16572,127,3,1009.6,0,Regular Customers,0.078861977,0.493408472
16573,85,2,663.61,0,Regular Customers,-0.318186135,-0.239158102
16574,71,1,451.44,0,Regular Customers,-0.740225536,-0.622695444
16581,183,1,105.84,2,At-Risk Customers,-1.621176002,0.300663951
16582,113,1,313.62,0,Regular Customers,-1.077869786,-0.280847244
16584,80,2,936.08,0,Regular Customers,-0.050965904,-0.14242851
16586,249,1,463.95,2,At-Risk Customers,-1.642246624,1.146280013
16587,232,1,225.15,2,At-Risk Customers,-1.766758554,0.849813098
16589,71,3,459.24,0,Regular Customers,-0.121814069,-0.356382361
16591,69,1,213.5,0,Regular Customers,-0.940922668,-0.770195625
16593,51,3,330.03,0,Regular Customers,-0.13377433,-0.623734698
16594,75,1,181.09,0,Regular Customers,-1.000436338,-0.728187603
16595,61,1,360.16,0,Regular Customers,-0.769855634,-0.770687759
16596,16,2,250.15,0,Regular Customers,-0.330799107,-1.144180868
16597,4,1,90.04,0,Regular Customers,-0.716941973,-1.479977553
16598,286,1,145.05,2,At-Risk Customers,-2.114786581,1.341443062
16600,4,6,813.52,1,Loyal Customers,1.45323305,-0.436377382
16601,41,1,242.7,0,Regular Customers,-0.771398384,-1.031734015
16602,36,1,528.08,0,Regular Customers,-0.492732189,-0.928075784
16603,75,2,482.47,0,Regular Customers,-0.427485814,-0.435377181
16610,219,1,75.66,2,At-Risk Customers,-1.832607911,0.640879151
16611,186,1,129.49,2,At-Risk Customers,-1.615597525,0.343057654
16612,33,4,1187.66,1,Loyal Customers,1.024682826,-0.210597917
16613,70,1,618.59,0,Regular Customers,-0.586901051,-0.542888427
16614,183,1,506.19,2,At-Risk Customers,-1.266227008,0.515526904
16616,15,2,500.42,0,Regular Customers,-0.103780702,-1.019764363
16617,236,1,151.85,2,At-Risk Customers,-1.852265473,0.850075266
16618,31,5,2647.59,1,Loyal Customers,2.635059662,0.684191442
16619,264,1,226.21,2,At-Risk Customers,-1.929973802,1.167193042
16620,4,2,178.96,0,Regular Customers,-0.332357786,-1.301191817
16621,52,4,813.48,0,Regular Customers,0.595469013,-0.223309186
16623,246,1,129.45,2,At-Risk Customers,-1.92342369,0.937056914
16624,81,2,810.57,0,Regular Customers,-0.167372502,-0.199887848
16625,275,1,333.08,2,At-Risk Customers,-1.891651506,1.333452665
16627,79,1,322.8,0,Regular Customers,-0.895316098,-0.612532196
16628,30,5,2188.05,1,Loyal Customers,2.232762854,0.427661594
16629,74,2,408.63,0,Regular Customers,-0.48782227,-0.484906552
16633,17,6,2883.1,1,Loyal Customers,3.221427891,0.803045403
16634,223,2,217.9,2,At-Risk Customers,-1.421269768,0.887882462
16637,32,4,1154.47,1,Loyal Customers,1.000386526,-0.23831093
16638,23,10,1680.72,1,Loyal Customers,3.347614691,0.741398661
16639,31,3,1257.51,0,Regular Customers,0.79112329,-0.323974425
16641,106,1,231.1,0,Regular Customers,-1.115122832,-0.394437138
16642,5,2,688.33,0,Regular Customers,0.114118136,-1.017918817
16643,246,1,487.51,2,At-Risk Customers,-1.60596887,1.12922334
16644,178,2,833.78,2,At-Risk Customers,-0.644389559,0.772902186
16647,170,2,214.06,2,At-Risk Customers,-1.152792514,0.361103271
16648,43,1,290.66,0,Regular Customers,-0.739136896,-0.986193778
16650,72,1,518.42,0,Regular Customers,-0.685971134,-0.576847751
16653,16,2,1212.66,0,Regular Customers,0.522559096,-0.627613514
16654,141,4,601.27,0,Regular Customers,-0.049231882,0.543931046
16657,10,4,874.43,0,Regular Customers,0.864960573,-0.606412576
16659,189,1,39.12,2,At-Risk Customers,-1.711108805,0.324258215
16660,16,4,1267.65,1,Loyal Customers,1.182809062,-0.335974134
16666,19,1,118.98,0,Regular Customers,-0.768231539,-1.315940627
16667,68,2,567.18,0,Regular Customers,-0.316473291,-0.459216777
16668,15,6,306.72,0,Regular Customers,0.947477541,-0.599466949
16669,24,3,1348.88,0,Regular Customers,0.908040547,-0.344239681
16671,28,3,1692.27,1,Loyal Customers,1.191969612,-0.120345083
16674,55,2,304.24,0,Regular Customers,-0.482907046,-0.729037953
16676,34,4,1592.12,1,Loyal Customers,1.378145888,0.016371168
16680,43,1,183.7,0,Regular Customers,-0.83396728,-1.043597903
16681,73,6,1770.34,1,Loyal Customers,1.947587211,0.760260056
16682,5,5,1028,1,Loyal Customers,1.332512462,-0.442431701
16685,61,2,324.24,0,Regular Customers,-0.495954182,-0.658902125
16686,47,7,2959.88,1,Loyal Customers,3.441353443,1.272326114
16688,1,4,1260.86,1,Loyal Customers,1.253736746,-0.488123426
16689,76,2,422.6,0,Regular Customers,-0.485696204,-0.457608333
16690,72,2,225.58,0,Regular Customers,-0.639854109,-0.602947941
16692,256,2,1276,2,At-Risk Customers,-0.652446671,1.782463202
16693,69,2,477.86,0,Regular Customers,-0.400793955,-0.497253384
16696,135,4,657.9,0,Regular Customers,0.03175516,0.514921602
16697,241,1,112.75,2,At-Risk Customers,-1.91258063,0.878592501
16698,227,2,1998,2,At-Risk Customers,0.136441661,1.88284176
16706,37,3,531.35,0,Regular Customers,0.11653315,-0.654293551
16708,46,1,656.63,0,Regular Customers,-0.430058631,-0.760081115
16709,85,5,3029.87,1,Loyal Customers,2.696976223,1.423975101
16710,19,10,2467.99,1,Loyal Customers,4.066125065,1.124315467
16711,3,5,1651.03,1,Loyal Customers,1.895148502,-0.127859805
16714,219,3,1129.06,2,At-Risk Customers,-0.28717092,1.468352976
16715,78,1,301.72,0,Regular Customers,-0.908875711,-0.63374592
16716,267,2,901.2,2,At-Risk Customers,-1.041171415,1.690216422
16719,15,7,1770.22,1,Loyal Customers,2.550759837,0.317039076
16720,26,1,152.95,0,Regular Customers,-0.774022764,-1.228406925
16721,262,1,292.47,2,At-Risk Customers,-1.860968214,1.182953283
16723,91,2,576.4,0,Regular Customers,-0.426285305,-0.22656057
16725,302,7,758.27,2,At-Risk Customers,0.181302774,2.615337025
16726,26,5,1358.74,1,Loyal Customers,1.518018713,-0.05702033
16728,46,4,1048.28,0,Regular Customers,0.834420991,-0.156696968
16730,52,3,743.11,0,Regular Customers,0.227331195,-0.392139365
16732,32,1,603.75,0,Regular Customers,-0.405124035,-0.927066001
16734,52,3,646.76,0,Regular Customers,0.141907602,-0.443849232
16735,79,5,2247.41,1,Loyal Customers,2.034028829,0.944636308
16737,53,1,417.6,0,Regular Customers,-0.677890759,-0.819063177
16738,298,1,3.75,2,At-Risk Customers,-2.301620837,1.384413224
16739,177,1,323,2,At-Risk Customers,-1.39786359,0.357808997
16742,47,1,464.9,0,Regular Customers,-0.605175664,-0.853079918
16743,29,7,2213.13,1,Loyal Customers,2.871624557,0.693348297
16744,11,7,1291.91,1,Loyal Customers,2.147211143,0.020734562
16747,38,2,836.06,0,Regular Customers,0.075810183,-0.611922531
16748,18,5,1515.9,1,Loyal Customers,1.698395013,-0.051877243
16750,45,5,623.93,0,Regular Customers,0.769071527,-0.263277314
16751,31,1,1764.72,0,Regular Customers,0.629317996,-0.313887935
16753,58,1,223.92,0,Regular Customers,-0.875256035,-0.873507139
16755,114,3,1475.43,0,Regular Customers,0.55855331,0.614709249
16756,215,1,239.4,2,At-Risk Customers,-1.666917185,0.689155026
16757,319,1,106.83,2,At-Risk Customers,-2.317957193,1.647642255
16758,65,1,369.34,0,Regular Customers,-0.782236056,-0.726159583
16759,8,3,789.79,0,Regular Customers,0.49443071,-0.802701979
16761,97,1,316.62,0,Regular Customers,-0.993132476,-0.437642708
16762,20,3,1207.24,0,Regular Customers,0.802982368,-0.45985752
16763,199,1,611.85,2,At-Risk Customers,-1.254626719,0.730638862
16765,294,1,34,2,At-Risk Customers,-2.254281906,1.361046648
16766,273,2,1145.6,2,At-Risk Customers,-0.855266248,1.880784988
16768,48,3,478.09,0,Regular Customers,0.012884714,-0.573973742
16769,260,1,361.54,2,At-Risk Customers,-1.789471289,1.200221617
16770,58,5,757.1,0,Regular Customers,0.820451626,-0.063102111
16771,33,5,2242.61,1,Loyal Customers,2.265746035,0.486644316
16773,57,1,171.59,0,Regular Customers,-0.916521796,-0.911492356
16774,68,4,661.52,0,Regular Customers,0.378664256,-0.146458734
16775,10,11,1691.51,1,Loyal Customers,3.729617061,0.74954849
16776,60,1,371.54,0,Regular Customers,-0.754636319,-0.774480598
16777,80,2,222.62,0,Regular Customers,-0.683517195,-0.525333773
16778,74,2,245.94,0,Regular Customers,-0.63206269,-0.572220287
16780,100,2,422.24,0,Regular Customers,-0.609131659,-0.220193249
16784,20,1,107.6,0,Regular Customers,-0.783450855,-1.312147789
16788,123,2,594.39,0,Regular Customers,-0.57449047,0.099905498
16789,8,1,80.8,0,Regular Customers,-0.745653506,-1.445335167
16790,4,6,1545.62,1,Loyal Customers,2.102310504,-0.043468259
16791,29,7,1705.78,1,Loyal Customers,2.421809715,0.421059752
16792,282,2,110.38,2,At-Risk Customers,-1.819257503,1.414298174
16793,57,1,243.84,0,Regular Customers,-0.852465184,-0.872716663
16794,1,10,1196.5,1,Loyal Customers,3.031163421,0.263716104
16796,89,1,305.62,0,Regular Customers,-0.961846279,-0.522749038
16800,11,1,1162.65,0,Regular Customers,0.198121613,-0.835018456
16801,163,4,1594.23,1,Loyal Customers,0.7182666,1.294648144
16803,65,1,332.3,0,Regular Customers,-0.815075599,-0.746038499
16804,23,3,536.99,0,Regular Customers,0.193351386,-0.789871468
16805,174,2,460.59,2,At-Risk Customers,-0.954739206,0.533014291
16806,103,4,762.16,0,Regular Customers,0.288346774,0.254065616
16807,143,3,1121.59,0,Regular Customers,0.096074423,0.711917663
16808,99,2,288.42,0,Regular Customers,-0.722646186,-0.301913154
16809,23,5,914.69,1,Loyal Customers,1.139714978,-0.325037575
16810,192,1,309.54,2,At-Risk Customers,-1.486744857,0.499090361
16811,5,2,547.07,0,Regular Customers,-0.011122515,-1.093731333
16813,8,10,1652.18,1,Loyal Customers,3.399258896,0.57757641
16816,103,4,417.06,0,Regular Customers,-0.017617752,0.068854663
16817,3,9,1604.75,1,Loyal Customers,3.077108832,0.371556122
16820,96,1,497.61,0,Regular Customers,-0.827537491,-0.350407933
16823,227,1,358.38,2,At-Risk Customers,-1.622988049,0.871814284
16824,16,2,460.64,0,Regular Customers,-0.144179364,-1.031213458
16825,39,2,775.18,0,Regular Customers,0.016704331,-0.634695738
16826,51,1,341.7,0,Regular Customers,-0.734923759,-0.87959847
16828,93,2,128.5,0,Regular Customers,-0.833651663,-0.447142336
16829,157,1,197.22,2,At-Risk Customers,-1.406782824,0.092297499
16830,39,1,325.91,0,Regular Customers,-0.687364981,-1.006876916
16832,184,3,199.15,2,At-Risk Customers,-0.932081495,0.622769552
16833,1,4,1106.53,0,Regular Customers,1.116908275,-0.570950451
16834,228,1,413.46,2,At-Risk Customers,-1.579284147,0.911275392
16835,128,2,180.85,0,Regular Customers,-0.9667829,-0.07253464
16836,40,2,251.87,0,Regular Customers,-0.452390441,-0.905649474
16838,197,2,588.85,2,At-Risk Customers,-0.959010747,0.829557811
16841,37,6,1869.82,1,Loyal Customers,2.220460273,0.457237319
16842,101,3,1264.19,0,Regular Customers,0.437956605,0.372634831
16846,50,1,214.32,0,Regular Customers,-0.842728604,-0.957862105
16847,43,1,193.44,0,Regular Customers,-0.825331828,-1.038370564
16848,53,1,281.42,0,Regular Customers,-0.798627499,-0.892149319
16849,187,1,124.57,2,At-Risk Customers,-1.625089426,0.350317495
16851,4,3,342.45,0,Regular Customers,0.118339917,-1.082385273
16852,10,2,144.91,0,Regular Customers,-0.393325475,-1.260063963
16855,24,2,328.4,0,Regular Customers,-0.302461674,-1.022982286
16856,15,1,35.4,0,Regular Customers,-0.821813912,-1.400398374
16859,145,2,747.81,2,At-Risk Customers,-0.551325393,0.400051737
16861,60,2,173.76,0,Regular Customers,-0.62423941,-0.749563247
16863,31,2,502.8,0,Regular Customers,-0.183748122,-0.860081519
16866,141,3,207.74,0,Regular Customers,-0.703882293,0.201664845
16869,23,4,817.12,0,Regular Customers,0.74746173,-0.508465661
16871,22,6,2812.34,1,Loyal Customers,3.133043082,0.814571103
16872,77,3,680.02,0,Regular Customers,0.043149683,-0.17849036
16875,67,5,2095.53,1,Loyal Customers,1.96093066,0.744320023
16877,12,6,846.62,1,Loyal Customers,1.441540641,-0.339410253
16878,84,1,13.3,0,Regular Customers,-1.195367006,-0.729135337
16880,31,7,1491.43,1,Loyal Customers,2.221508019,0.325821417
16881,67,1,432,0,Regular Customers,-0.736941596,-0.672730036
16882,67,3,705.12,0,Regular Customers,0.116701711,-0.264022951
16883,187,2,272.48,2,At-Risk Customers,-1.188204899,0.560762444
16884,38,2,429.84,0,Regular Customers,-0.284343133,-0.829935841
16885,15,3,450.41,0,Regular Customers,0.157628603,-0.91554066
16887,35,1,192.33,0,Regular Customers,-0.78527719,-1.118169051
16889,195,3,1578.67,2,At-Risk Customers,0.234568108,1.472044878
16891,2,5,742.43,0,Regular Customers,1.094716573,-0.625394667
16892,1,5,518.19,0,Regular Customers,0.901035971,-0.75564188
16895,65,1,202.27,0,Regular Customers,-0.930359769,-0.815824011
16897,299,2,289.78,2,At-Risk Customers,-1.747409418,1.678885834
16898,26,3,501.03,0,Regular Customers,0.146079833,-0.779469724
16899,8,6,1271.06,1,Loyal Customers,1.83836713,-0.151219874
16900,17,3,887.11,0,Regular Customers,0.534545697,-0.661368416
16902,116,1,1706.88,0,Regular Customers,0.142000416,0.496599408
16903,29,1,363.2,0,Regular Customers,-0.60300534,-1.085867283
16906,82,4,559.59,0,Regular Customers,0.216475623,-0.062558483
16907,29,5,928.76,1,Loyal Customers,1.121410323,-0.258084305
16909,72,1,379.14,0,Regular Customers,-0.809456324,-0.651597625
16910,4,8,1508.96,1,Loyal Customers,2.681303881,0.198983685
16912,29,11,2555.58,1,Loyal Customers,4.398231628,1.401390864
16913,290,1,113.44,2,At-Risk Customers,-2.163331283,1.364079743
16914,36,1,183.76,0,Regular Customers,-0.798005169,-1.11286812
16915,9,6,621.68,1,Loyal Customers,1.257499112,-0.489833839
16916,24,2,562.41,0,Regular Customers,-0.094989177,-0.897391979
16917,277,1,391.52,2,At-Risk Customers,-1.850098484,1.38461739
16918,50,6,1068.82,1,Loyal Customers,1.44360832,0.156054899
16919,156,11,2592.25,1,Loyal Customers,3.779252813,2.678415078
16921,61,1,154.18,0,Regular Customers,-0.952476825,-0.881234708
16924,21,3,829.89,0,Regular Customers,0.463295254,-0.652476308
16927,116,3,543.05,0,Regular Customers,-0.278351424,0.134112988
16929,4,7,1295.39,1,Loyal Customers,2.186205415,-0.046700183
16930,26,3,378.89,0,Regular Customers,0.037790911,-0.84502077
16932,53,1,150.23,0,Regular Customers,-0.914940122,-0.962557388
16933,1,2,563.23,0,Regular Customers,0.023724268,-1.12465984
16934,55,2,931.03,0,Regular Customers,0.072802908,-0.39264742
16936,26,1,261.9,0,Regular Customers,-0.677428052,-1.169934791
16938,9,4,2711.68,1,Loyal Customers,2.498990229,0.369716702
16942,13,9,1904.99,1,Loyal Customers,3.292002179,0.631694715
16943,212,3,816.73,2,At-Risk Customers,-0.528172757,1.231426864
16947,236,1,406.48,2,At-Risk Customers,-1.626511352,0.986732075
16948,139,3,435.02,0,Regular Customers,-0.492116902,0.303842553
16949,4,6,1286.27,1,Loyal Customers,1.872371646,-0.182658235
16950,57,3,1178.56,0,Regular Customers,0.587750509,-0.108936944
16951,135,3,1277.75,0,Regular Customers,0.275564126,0.716524063
16952,109,2,167.61,0,Regular Customers,-0.881054386,-0.26774695
16953,30,1,20.8,0,Regular Customers,-0.911705899,-1.259728833
16954,1,9,2085.08,1,Loyal Customers,3.513227522,0.609542672
16955,185,4,518.67,2,At-Risk Customers,-0.348177951,0.935215836
16956,18,1,308.74,0,Regular Customers,-0.594861102,-1.2239991
16957,239,2,416.64,2,At-Risk Customers,-1.327145058,1.152949318
16959,87,1,117.35,0,Regular Customers,-1.118506153,-0.643591937
16960,39,3,507.05,0,Regular Customers,0.08472916,-0.647534373
16961,116,1,234.17,0,Regular Customers,-1.16369943,-0.293786052
16963,187,1,110.55,2,At-Risk Customers,-1.637519512,0.342793133
16965,227,1,201.19,2,At-Risk Customers,-1.762352186,0.787452331
16966,8,7,2154.97,1,Loyal Customers,2.927786838,0.454227281
16967,189,1,319.02,2,At-Risk Customers,-1.462950385,0.474477125
16968,4,2,439.43,0,Regular Customers,-0.10142594,-1.161400751
16969,39,3,650.41,0,Regular Customers,0.211831665,-0.570594813
16971,38,1,357.21,0,Regular Customers,-0.654484659,-0.999978934
16976,267,1,251.52,2,At-Risk Customers,-1.922923574,1.210477646
16978,78,1,344.33,0,Regular Customers,-0.871097825,-0.610877654
16979,4,6,1852,1,Loyal Customers,2.373946005,0.120962143
16980,255,2,1028.46,2,At-Risk Customers,-0.866784977,1.639711163
16982,61,1,384.06,0,Regular Customers,-0.748665973,-0.757860921
16983,13,7,1905.87,1,Loyal Customers,2.681286371,0.370040082
16986,30,2,1873.2,1,Loyal Customers,1.036373859,-0.134504931
16987,3,7,1616.8,1,Loyal Customers,2.47629631,0.115896291
16988,5,1,126.12,0,Regular Customers,-0.690083408,-1.450713513
16989,7,6,1133.25,1,Loyal Customers,1.721315082,-0.235081162
16990,219,1,179,2,At-Risk Customers,-1.740987007,0.696340466
16992,11,5,1614.31,1,Loyal Customers,1.821553911,-0.068364216
16996,30,6,1456.96,1,Loyal Customers,1.890328869,0.166357984
16997,288,3,702,2,At-Risk Customers,-1.019760219,1.92227893
16998,150,4,295,2,At-Risk Customers,-0.366938463,0.468662789
16999,23,2,484.82,0,Regular Customers,-0.158650371,-0.948933929
17002,86,3,1493.73,0,Regular Customers,0.71841369,0.347320962
17004,46,2,1312.14,0,Regular Customers,0.456862387,-0.277213449
17006,5,4,781.78,0,Regular Customers,0.808466612,-0.705638426
17007,51,6,889.93,1,Loyal Customers,1.279875189,0.069947168
17010,18,1,195.36,0,Regular Customers,-0.695383437,-1.28484876
17011,30,1,270.9,0,Regular Customers,-0.689968061,-1.12550322
17014,8,3,583.43,0,Regular Customers,0.311472613,-0.91345287
17015,29,3,1838.61,1,Loyal Customers,1.31658433,-0.031905848
17018,41,2,920.1,0,Regular Customers,0.134930236,-0.537118254
17019,11,4,1258.08,1,Loyal Customers,1.199973557,-0.390611963
17022,31,1,71,0,Regular Customers,-0.872328589,-1.222886761
17024,45,3,95.85,0,Regular Customers,-0.310618478,-0.808818315
17025,61,3,357.77,0,Regular Customers,-0.160478587,-0.509843524
17026,185,2,154.83,2,At-Risk Customers,-1.282253313,0.477820436
17027,79,6,877.56,1,Loyal Customers,1.125272328,0.340518013
17029,111,2,716,0,Regular Customers,-0.405113304,0.046367953
17030,64,1,146.87,0,Regular Customers,-0.974347382,-0.855456859
17031,12,2,380.35,0,Regular Customers,-0.194844834,-1.113905501
17033,86,3,1030.14,0,Regular Customers,0.307396319,0.098517875
17034,16,3,745.52,0,Regular Customers,0.414142314,-0.747258384
17035,246,2,433.53,2,At-Risk Customers,-1.348079354,1.231316393
17037,88,1,1267.32,0,Regular Customers,-0.104076375,-0.016516745
17038,30,1,112.4,0,Regular Customers,-0.830493641,-1.210568233
17040,138,1,449.73,2,At-Risk Customers,-1.085441233,0.039709966
17041,27,3,1071.49,0,Regular Customers,0.646717949,-0.463410468
17042,3,5,1036.58,1,Loyal Customers,1.350379151,-0.457627611
17043,32,4,1735.18,1,Loyal Customers,1.515242104,0.073349031
17044,25,1,948.48,0,Regular Customers,-0.063578635,-0.811356041
17045,113,3,339.44,0,Regular Customers,-0.443481846,-0.004863047
17046,157,1,642.02,2,At-Risk Customers,-1.012424606,0.331016223
17047,85,3,1100.9,0,Regular Customers,0.375261748,0.126593556
17048,118,3,925.35,0,Regular Customers,0.050334809,0.359089417
17051,194,1,240.89,2,At-Risk Customers,-1.557869411,0.482047436
17052,28,1,399.09,0,Regular Customers,-0.566055539,-1.076505904
17053,131,1,498.48,0,Regular Customers,-1.006310728,-0.003428923
17054,28,5,1356.33,1,Loyal Customers,1.505622325,-0.038513057
17058,82,3,1179.89,0,Regular Customers,0.460683557,0.139285488
17060,266,1,234.24,2,At-Risk Customers,-1.93311412,1.191303336
17062,314,4,533.33,2,At-Risk Customers,-0.99693045,2.220228244
17063,21,7,1461.14,1,Loyal Customers,2.245951455,0.210561689
17064,59,3,855.45,0,Regular Customers,0.291022555,-0.262545441
17069,28,9,2709.7,1,Loyal Customers,3.928507745,1.21207792
17070,114,1,304.24,0,Regular Customers,-1.091315908,-0.27598103
17071,28,9,2429.03,1,Loyal Customers,3.679666646,1.061445761
17073,18,4,1446.09,1,Loyal Customers,1.33075369,-0.220406876
17075,18,4,834.12,0,Regular Customers,0.788183099,-0.548843696
17076,36,3,841.08,0,Regular Customers,0.396268596,-0.49796559
17078,36,2,378.2,0,Regular Customers,-0.319867298,-0.877451089
17079,78,1,118.8,0,Regular Customers,-1.071051982,-0.731916849
17080,22,2,287.62,0,Regular Customers,-0.328357398,-1.064669104
17081,25,2,288.91,0,Regular Customers,-0.342603223,-1.034275741
17082,33,2,2003.85,1,Loyal Customers,1.136818184,-0.034685636
17083,109,3,1405.78,0,Regular Customers,0.522451074,0.527827218
17084,35,2,2747.99,1,Loyal Customers,1.786310573,0.384485899
17085,123,5,1562.4,1,Loyal Customers,1.200988034,1.012615013
17086,7,6,2050.08,1,Loyal Customers,2.534173547,0.256970295
17088,28,4,1991.01,1,Loyal Customers,1.762579521,0.171048484
17090,4,7,1974.65,1,Loyal Customers,2.788435098,0.317850358
17092,50,4,1774.03,1,Loyal Customers,1.457349176,0.272405569
17094,322,1,302,2,At-Risk Customers,-2.160309648,1.782088646
17095,23,3,1324.16,0,Regular Customers,0.891253721,-0.367406949
17096,15,4,1022.13,0,Regular Customers,0.970261682,-0.477642063
17097,2,8,954.42,1,Loyal Customers,2.19991023,-0.118431847
17100,18,2,971.74,0,Regular Customers,0.298700526,-0.737111642
17101,10,4,1621.73,1,Loyal Customers,1.527514297,-0.205345798
17102,262,1,25.5,2,At-Risk Customers,-2.097662938,1.039673747
17105,159,2,665.78,2,At-Risk Customers,-0.695870752,0.494632075
17109,29,6,881.29,1,Loyal Customers,1.385071584,-0.152497415
17110,165,1,163.3,2,At-Risk Customers,-1.477894945,0.153295813
17111,47,1,231.61,0,Regular Customers,-0.812009812,-0.97828381
17114,6,8,801.12,1,Loyal Customers,2.043475574,-0.161104702
17115,8,3,837.5,0,Regular Customers,0.53673024,-0.777096605
17117,288,1,116.2,2,At-Risk Customers,-2.150624587,1.34576031
17118,318,1,157.02,2,At-Risk Customers,-2.268329059,1.664678269
17119,3,2,606.91,0,Regular Customers,0.052191122,-1.081416627
17120,233,1,307.46,2,At-Risk Customers,-1.698912623,0.903888215
17122,119,1,138.32,0,Regular Customers,-1.26406926,-0.315526539
17123,162,1,345.3,2,At-Risk Customers,-1.301144808,0.221271952
17124,185,1,294.24,2,At-Risk Customers,-1.464400871,0.42157662
17125,50,1,230.5,0,Regular Customers,-0.828383469,-0.949178497
17126,152,5,989.45,1,Loyal Customers,0.544246941,0.992229768
17131,5,5,2463.17,1,Loyal Customers,2.604929467,0.327806499
17134,107,2,413.2,0,Regular Customers,-0.653055409,-0.155742489
17135,16,7,1139.73,1,Loyal Customers,1.98663963,-0.011436857
17138,276,1,380.5,2,At-Risk Customers,-1.854738935,1.368802745
17140,247,1,454.12,2,At-Risk Customers,-1.64070218,1.121203681
17142,239,1,579,2,At-Risk Customers,-1.488945222,1.109022487
17144,1,2,984.57,0,Regular Customers,0.397282927,-0.898531811
17146,106,3,749.78,0,Regular Customers,-0.043766835,0.146058998
17147,23,4,1714.59,1,Loyal Customers,1.543155682,-0.02680448
17148,52,1,124.88,0,Regular Customers,-0.932285504,-0.986062769
17152,195,3,1689.5,2,At-Risk Customers,0.332829622,1.531525984
17153,24,1,213.78,0,Regular Customers,-0.709831396,-1.215560898
17154,75,1,329.34,0,Regular Customers,-0.868998375,-0.64862364
17155,18,2,251.7,0,Regular Customers,-0.339684572,-1.123548311
17157,8,2,319,0,Regular Customers,-0.228718163,-1.186432678
17158,32,3,1266.97,0,Regular Customers,0.79438065,-0.308997014
17159,22,3,1538.88,1,Loyal Customers,1.086753612,-0.262069694
17162,29,10,1715.46,1,Loyal Customers,3.34763599,0.819445267
17163,22,2,293.1,0,Regular Customers,-0.323498848,-1.061728055
17164,33,7,2467.35,1,Loyal Customers,3.076495794,0.869386446
17165,284,1,158.68,2,At-Risk Customers,-2.092442578,1.328957425
17166,39,2,206.34,0,Regular Customers,-0.487627344,-0.939985214
17169,58,2,835.78,0,Regular Customers,-0.027034964,-0.414065894
17171,289,1,224.91,2,At-Risk Customers,-2.059372503,1.414003984
17172,79,1,317.76,0,Regular Customers,-0.899784545,-0.615237103
17174,218,1,59.9,2,At-Risk Customers,-1.841450831,0.622520606
17175,44,4,1443.69,1,Loyal Customers,1.195249887,0.035714056
17176,202,1,306.13,2,At-Risk Customers,-1.541066602,0.596263711
17179,178,3,711.79,2,At-Risk Customers,-0.446797485,0.838495103
17180,56,4,783.97,0,Regular Customers,0.548786163,-0.199545461
17181,57,2,239.92,0,Regular Customers,-0.550192636,-0.74375702
17186,47,2,144,0,Regular Customers,-0.583936543,-0.894239567
17187,227,1,203.95,2,At-Risk Customers,-1.759905179,0.78893359
17188,11,7,2474.23,1,Loyal Customers,3.195452169,0.655271257
17189,106,2,383.75,0,Regular Customers,-0.674035837,-0.181448289
17190,59,2,444.74,0,Regular Customers,-0.378859588,-0.614031938
17191,28,7,2093.68,1,Loyal Customers,2.770850425,0.619340596
17193,36,7,1699.3,1,Loyal Customers,2.380155653,0.486884433
17194,274,2,262.62,2,At-Risk Customers,-1.643243259,1.416800758
17197,30,1,1013.01,0,Regular Customers,-0.032015775,-0.727221852
17198,24,3,692.22,0,Regular Customers,0.325847949,-0.696661079
17201,54,1,289.78,0,Regular Customers,-0.796345396,-0.877762263
17204,175,4,1564.56,1,Loyal Customers,0.630403135,1.397528763
17205,54,1,384.08,0,Regular Customers,-0.712739326,-0.827152606
17206,53,1,204.24,0,Regular Customers,-0.867055034,-0.933570881
17211,27,8,2317.22,1,Loyal Customers,3.279918106,0.860474896
17212,253,1,226.85,2,At-Risk Customers,-1.872978085,1.058632722
17213,40,7,2781.23,1,Loyal Customers,3.318871855,1.107144424
17214,60,6,1059.12,1,Loyal Customers,1.383709882,0.249852482
17217,234,1,113.5,2,At-Risk Customers,-1.876006767,0.809692598
17218,4,10,1951.97,1,Loyal Customers,3.685571105,0.698868657
17219,32,1,114.23,0,Regular Customers,-0.839130859,-1.189785403
17221,7,2,334.48,0,Regular Customers,-0.209863801,-1.188025097
17222,65,1,328.65,0,Regular Customers,-0.818311677,-0.747997409
17223,310,2,416.89,2,At-Risk Customers,-1.691142405,1.856008018
17226,309,1,393.49,2,At-Risk Customers,-2.012506929,1.702485719
17227,19,6,939.32,1,Loyal Customers,1.487819241,-0.220356878
17228,16,8,1906.09,1,Loyal Customers,2.971839894,0.530922649
17229,96,2,318.76,0,Regular Customers,-0.680357307,-0.315331083
17232,3,2,417.77,0,Regular Customers,-0.11549978,-1.182925754
17233,35,1,190.88,0,Regular Customers,-0.786562756,-1.118947248
17234,183,1,149.89,2,At-Risk Customers,-1.582121417,0.324305048
17235,25,2,550.06,0,Regular Customers,-0.111068491,-0.894119727
17236,13,6,916.13,1,Loyal Customers,1.498038134,-0.29220474
17237,11,2,314.69,0,Regular Customers,-0.24792893,-1.159044766
17239,313,1,382.5,2,At-Risk Customers,-2.042770007,1.736188903
17242,108,2,1135.04,0,Regular Customers,-0.018204282,0.241560564
17244,53,1,954.9,0,Regular Customers,-0.201522345,-0.530700833
17245,205,1,171.45,2,At-Risk Customers,-1.675862982,0.553683637
17247,15,1,280.09,0,Regular Customers,-0.604872562,-1.269076241
17248,120,1,318.65,0,Regular Customers,-1.10931912,-0.208845286
17250,4,2,381.97,0,Regular Customers,-0.152369788,-1.192238831
17252,117,2,348.91,0,Regular Customers,-0.761353162,-0.091242691
17253,18,1,178.26,0,Regular Customers,-0.710544241,-1.294026121
17254,5,2,271.19,0,Regular Customers,-0.255716817,-1.241792758
17255,41,2,291.48,0,Regular Customers,-0.42240219,-0.874490926
17256,107,2,240,0,Regular Customers,-0.806613959,-0.248696812
17259,148,2,581.23,2,At-Risk Customers,-0.714404208,0.340351323
17262,52,5,1253.36,1,Loyal Customers,1.291213181,0.143832493
17263,208,1,63.44,2,At-Risk Customers,-1.787013828,0.525417026
17265,139,2,550.01,0,Regular Customers,-0.695915153,0.234492821
17266,2,3,296.58,0,Regular Customers,0.087931416,-1.126803832
17267,127,2,317.2,0,Regular Customers,-0.840765593,-0.009257606
17268,108,4,763.64,0,Regular Customers,0.264009712,0.304361641
17272,42,4,2148.63,1,Loyal Customers,1.830507065,0.394246048
17274,35,1,107.82,0,Regular Customers,-0.860203479,-1.163524535
17277,228,2,1065.35,2,At-Risk Customers,-0.695572609,1.392200248
17278,241,1,246.04,2,At-Risk Customers,-1.794406154,0.950127615
17279,58,1,187.83,0,Regular Customers,-0.907253311,-0.892876201
17282,130,3,1685.46,1,Loyal Customers,0.662687697,0.885835311
17284,60,6,1647.48,1,Loyal Customers,1.905347924,0.565618104
17286,22,1,151.37,0,Regular Customers,-0.754904206,-1.268856274
17287,26,7,1049.06,1,Loyal Customers,1.854953456,0.038905117
17288,9,7,1417.63,1,Loyal Customers,2.268933772,0.068406259
17289,32,3,931.02,0,Regular Customers,0.496528484,-0.489297273
17290,4,2,513.01,0,Regular Customers,-0.036190154,-1.121911264
17291,308,1,550.8,2,At-Risk Customers,-1.867906555,1.777011729
17293,8,9,1854.06,1,Loyal Customers,3.272497034,0.554859479
17295,29,3,547,0,Regular Customers,0.171447149,-0.725097151
17297,17,1,128.18,0,Regular Customers,-0.749815159,-1.330803791
17298,101,2,498.42,0,Regular Customers,-0.546720567,-0.169408029
17299,12,4,656.61,0,Regular Customers,0.661582387,-0.703513217
17301,21,1,163.24,0,Regular Customers,-0.739250458,-1.272386135
17302,15,5,1135.63,1,Loyal Customers,1.376638416,-0.285664541
17309,95,1,82.75,0,Regular Customers,-1.190221159,-0.58295857
17311,78,2,1384.85,0,Regular Customers,0.357171793,0.078620174
17312,139,3,644.3,0,Regular Customers,-0.306569942,0.416160571
17313,31,1,2328.84,1,Loyal Customers,1.129464934,-0.011131625
17314,25,8,2527.92,1,Loyal Customers,3.476983723,0.95375432
17317,46,3,2600.34,1,Loyal Customers,1.904724279,0.545211208
17320,100,3,1200.62,0,Regular Customers,0.386725497,0.328617244
17321,8,2,657.16,0,Regular Customers,0.071093382,-1.004946339
17323,15,7,906.52,1,Loyal Customers,1.785006256,-0.14649816
17324,18,4,986.48,0,Regular Customers,0.923264974,-0.467073946
17325,280,1,96.8,2,At-Risk Customers,-2.126785803,1.256145804
17329,14,2,523.11,0,Regular Customers,-0.078533978,-1.017487263
17330,23,2,363.9,0,Regular Customers,-0.265857645,-1.013830215
17331,124,1,175.2,0,Regular Customers,-1.257020798,-0.246231767
17333,86,1,494.25,0,Regular Customers,-0.779218006,-0.451214658
17334,302,2,307.02,2,At-Risk Customers,-1.747514025,1.717839368
17337,151,4,1981.06,1,Loyal Customers,1.122786947,1.383450932
17339,94,2,243.36,0,Regular Customers,-0.736947009,-0.375598032
17341,157,3,682.29,2,At-Risk Customers,-0.365225343,0.614755558
17344,46,1,157.62,0,Regular Customers,-0.872479257,-1.027893684
17345,15,4,519.69,0,Regular Customers,0.52480003,-0.747295471
17347,86,1,228.96,0,Regular Customers,-1.014423248,-0.593592559
17348,15,5,1156.6,1,Loyal Customers,1.395230349,-0.274410198
17349,179,1,98.25,2,At-Risk Customers,-1.607385891,0.256989109
17350,8,4,1281.32,1,Loyal Customers,1.2359676,-0.407840376
17351,36,3,587.15,0,Regular Customers,0.171135092,-0.634246718
17353,129,2,1740,0,Regular Customers,0.41042452,0.774142457
17354,51,1,1393.06,0,Regular Customers,0.197208561,-0.315346406
17356,312,1,178.22,2,At-Risk Customers,-2.218754139,1.616653978
17357,24,2,384.39,0,Regular Customers,-0.252821124,-0.992933137
17358,303,2,360.81,2,At-Risk Customers,-1.704953833,1.756608149
17359,11,1,127.86,0,Regular Customers,-0.7193198,-1.390377603
17360,17,3,568.24,0,Regular Customers,0.251836604,-0.832502048
17361,49,3,488.2,0,Regular Customers,0.016718362,-0.558647483
17362,239,2,312.23,2,At-Risk Customers,-1.419714621,1.096913747
17367,238,1,167.55,2,At-Risk Customers,-1.848605595,0.878301955
17368,23,8,1878.87,1,Loyal Customers,2.911797816,0.585616426
17370,73,4,446.18,0,Regular Customers,0.162095294,-0.212527353
17371,17,3,418.4,0,Regular Customers,0.118988952,-0.912919345
17372,41,8,1337.18,1,Loyal Customers,2.339200033,0.473104241
17373,40,4,646.92,0,Regular Customers,0.509355604,-0.431504048
17374,219,2,495.77,2,At-Risk Customers,-1.15439176,0.997410513
17375,199,3,400.1,2,At-Risk Customers,-0.83086756,0.879122143
17376,71,2,203.2,0,Regular Customers,-0.654566298,-0.624859359
17379,11,1,389.72,0,Regular Customers,-0.487155585,-1.249840541
17382,65,1,65.4,0,Regular Customers,-1.051708262,-0.889280467
17383,4,1,193.39,0,Regular Customers,-0.625312202,-1.424510871
17384,19,2,336.4,0,Regular Customers,-0.269719675,-1.068190511
17385,15,1,256.11,0,Regular Customers,-0.626133152,-1.281946014
17386,8,6,2686.42,1,Loyal Customers,3.093220654,0.608386542
17387,20,2,746.81,0,Regular Customers,0.089018637,-0.838028134
17388,78,4,1259.56,1,Loyal Customers,0.857586104,0.27350548
17391,164,2,508.8,2,At-Risk Customers,-0.860697929,0.459884554
17392,307,2,417.27,2,At-Risk Customers,-1.675415963,1.826510923
17394,219,1,203.87,2,At-Risk Customers,-1.718937347,0.709687891
17397,22,2,681.41,0,Regular Customers,0.020775522,-0.853326824
17398,115,3,653.38,0,Regular Customers,-0.175403364,0.183425405
17400,126,5,2097.84,1,Loyal Customers,1.660317843,1.329680154
17403,36,1,263.92,0,Regular Customers,-0.726935577,-1.069847228
17405,1,3,1031.41,0,Regular Customers,0.744559123,-0.742329896
17408,163,1,32.65,2,At-Risk Customers,-1.583469115,0.063376863
17409,185,2,771.85,2,At-Risk Customers,-0.735205409,0.80896753
17410,16,5,1214.72,1,Loyal Customers,1.441629505,-0.233317559
17411,12,3,778.94,0,Regular Customers,0.464291756,-0.76892366
17412,3,7,1258.06,1,Loyal Customers,2.158238605,-0.076635083
17414,44,2,778,0,Regular Customers,-0.006444692,-0.583680551
17415,80,1,507.84,0,Regular Customers,-0.736390087,-0.503323144
17418,42,2,463.46,0,Regular Customers,-0.275055132,-0.772291016
17420,50,3,598.83,0,Regular Customers,0.109672712,-0.489373368
17422,16,6,1979.37,1,Loyal Customers,2.425313688,0.308124211
17423,46,2,698.41,0,Regular Customers,-0.087268614,-0.60659484
17425,19,2,759.17,0,Regular Customers,0.105106817,-0.841295018
17427,72,1,100.8,0,Regular Customers,-1.056231653,-0.800979301
17429,128,3,524.92,0,Regular Customers,-0.355983563,0.243186984
17430,33,2,265.76,0,Regular Customers,-0.404166697,-0.967497299
17431,313,1,403.3,2,At-Risk Customers,-2.024328795,1.747352008
17432,18,2,365.76,0,Regular Customers,-0.238559351,-1.062333703
17433,88,1,303.16,0,Regular Customers,-0.958897462,-0.533969635
17434,2,7,2373.82,1,Loyal Customers,3.152597598,0.512279328
17436,2,2,216.3,0,Regular Customers,-0.288992575,-1.300952586
17438,254,1,388.45,2,At-Risk Customers,-1.734833901,1.155261813
17440,157,3,186.42,2,At-Risk Customers,-0.804862055,0.348628189
17442,37,6,2248.56,1,Loyal Customers,2.556249912,0.660502449
17443,220,1,534.24,2,At-Risk Customers,-1.431162236,0.896893778
17444,148,3,2940.04,1,Loyal Customers,1.682656991,1.737359284
17446,177,2,120.9,2,At-Risk Customers,-1.271296779,0.380407856
17447,40,2,541.53,0,Regular Customers,-0.195578837,-0.750192492
17449,2,7,2519.21,1,Loyal Customers,3.281499895,0.590308365
17451,1,7,1721.4,1,Loyal Customers,2.579294016,0.152233142
17453,18,2,486.72,0,Regular Customers,-0.131316612,-0.997415949
17454,192,4,517.53,2,At-Risk Customers,-0.385097587,1.00390643
17455,204,1,131.7,2,At-Risk Customers,-1.705975356,0.522449952
17457,127,5,1737.7,1,Loyal Customers,1.335889057,1.146297762
17458,15,1,316.5,0,Regular Customers,-0.572591576,-1.249535439
17459,43,2,657.3,0,Regular Customers,-0.10832707,-0.658359111
17460,94,6,622.43,1,Loyal Customers,0.822127233,0.352098041
17461,23,3,735.82,0,Regular Customers,0.369633411,-0.683161837
17462,60,2,675.69,0,Regular Customers,-0.179229922,-0.48018355
17463,16,5,1875.86,1,Loyal Customers,2.027794056,0.1215082
17464,158,1,289.96,2,At-Risk Customers,-1.32968969,0.151970269
17466,10,2,763.28,0,Regular Customers,0.154919335,-0.928192341
17468,10,2,137,0,Regular Customers,-0.400338455,-1.264309163
17469,16,5,1870.97,1,Loyal Customers,2.023458598,0.118883796
17470,45,5,1125.07,1,Loyal Customers,1.213380604,0.0056784
17472,191,3,697.54,2,At-Risk Customers,-0.526119474,0.959551793
17475,79,1,194.37,0,Regular Customers,-1.009181714,-0.681459008
17480,78,1,511.82,0,Regular Customers,-0.722601742,-0.520987818
17481,4,4,1255.59,1,Loyal Customers,1.233674846,-0.461250734
17483,65,3,414.04,0,Regular Customers,-0.13110917,-0.440042721
17486,261,1,396.87,2,At-Risk Customers,-1.763277672,1.229083142
17489,59,2,376.64,0,Regular Customers,-0.439236824,-0.650580376
17490,1,7,2092.32,1,Loyal Customers,2.908150469,0.351301373
17492,248,1,374.57,2,At-Risk Customers,-1.716360793,1.088410513
17495,8,2,497.56,0,Regular Customers,-0.070407454,-1.090601708
17498,76,1,272.22,0,Regular Customers,-0.924770624,-0.6693789
17499,290,1,622.88,2,At-Risk Customers,-1.711663454,1.637489965
17500,17,3,1138,0,Regular Customers,0.756983947,-0.526718818
17501,221,2,288.6,2,At-Risk Customers,-1.348327691,0.906025597
17502,9,4,689.1,0,Regular Customers,0.705777449,-0.715777267
17503,3,2,558.96,0,Regular Customers,0.00967881,-1.107150806
17504,206,9,2997.03,1,Loyal Customers,3.270141166,3.128545912
17505,162,2,1145.84,2,At-Risk Customers,-0.285640668,0.781975447
17506,76,1,302.2,0,Regular Customers,-0.898190455,-0.653289001
17507,262,2,605.58,2,At-Risk Customers,-1.27761791,1.482059053
17508,281,1,387.31,2,At-Risk Customers,-1.874350436,1.421959316
17510,25,1,308.48,0,Regular Customers,-0.631000532,-1.15483622
17512,29,10,2924.99,1,Loyal Customers,4.420001313,1.468585237
17513,72,1,513.2,0,Regular Customers,-0.690599168,-0.579649261
17514,128,1,208.65,0,Regular Customers,-1.247883518,-0.188678179
17515,31,4,639.02,0,Regular Customers,0.548520095,-0.524846991
17516,15,5,764.88,0,Regular Customers,1.047932684,-0.484641535
17517,309,1,153.94,2,At-Risk Customers,-2.224891172,1.573922162
17519,17,6,1844.02,1,Loyal Customers,2.300182978,0.245383865
17520,54,1,546.81,0,Regular Customers,-0.568463443,-0.739817403
17521,30,3,723.21,0,Regular Customers,0.322544511,-0.620627052
17522,2,5,1070.71,1,Loyal Customers,1.385768542,-0.449210803
17523,11,4,652.74,0,Regular Customers,0.663281102,-0.715490544
17526,5,4,1195.9,1,Loyal Customers,1.175624043,-0.483385282
17527,54,4,939.37,0,Regular Customers,0.696822983,-0.135944871
17530,1,10,2367.12,1,Loyal Customers,4.069031265,0.891973552
17531,190,1,296.7,2,At-Risk Customers,-1.487869068,0.472398599
17534,54,1,223.36,0,Regular Customers,-0.85523315,-0.913409066
17535,280,1,164.4,2,At-Risk Customers,-2.066851865,1.292425898
17536,177,1,76.5,2,At-Risk Customers,-1.61640968,0.225515459
17537,30,2,887.67,0,Regular Customers,0.1626062,-0.663426839
17538,26,1,98.42,0,Regular Customers,-0.822368883,-1.25767251
17540,25,2,578.9,0,Regular Customers,-0.085499042,-0.878641652
17542,270,1,170.75,2,At-Risk Customers,-2.009923526,1.19683041
17545,43,3,642.32,0,Regular Customers,0.184139718,-0.535335235
17548,234,1,103.3,2,At-Risk Customers,-1.885050053,0.804218383
17549,24,2,148.86,0,Regular Customers,-0.461641248,-1.11933921
17550,197,3,267.16,2,At-Risk Customers,-0.938472037,0.787974179
17552,60,4,930.41,0,Regular Customers,0.658100006,-0.08135152
17553,130,1,1487.6,0,Regular Customers,-0.124230342,0.517519348
17554,1,5,1952.45,1,Loyal Customers,2.172646173,0.014107935
17555,20,2,480.31,0,Regular Customers,-0.147259387,-0.981055427
17556,206,1,157.9,2,At-Risk Customers,-1.693006212,0.556311863
17557,14,3,541.46,0,Regular Customers,0.243483079,-0.876575583
17560,95,4,854.95,0,Regular Customers,0.411652843,0.224662111
17561,19,1,165.12,0,Regular Customers,-0.727323967,-1.291177853
17562,14,7,1122.38,1,Loyal Customers,1.981516867,-0.040549081
17564,24,3,454.01,0,Regular Customers,0.114651746,-0.824505475
17566,8,2,869.77,0,Regular Customers,0.259592709,-0.89084115
17571,50,4,1425.67,1,Loyal Customers,1.148494345,0.085445015
17572,71,4,226.75,0,Regular Customers,-0.022190932,-0.350093443
17573,29,3,380.6,0,Regular Customers,0.023917456,-0.814401997
17574,243,1,185.65,2,At-Risk Customers,-1.858207419,0.937517731
17578,218,1,143.46,2,At-Risk Customers,-1.767366809,0.667366237
17579,5,3,448.9,0,Regular Customers,0.207588292,-1.015354513
17580,253,3,215.72,2,At-Risk Customers,-1.271349893,1.314786305
17582,236,1,175.27,2,At-Risk Customers,-1.831501378,0.862644493
17584,7,2,1242.3,0,Regular Customers,0.595006428,-0.700809197
17585,109,4,1116.68,0,Regular Customers,0.57188397,0.50373424
17588,100,3,1240.2,0,Regular Customers,0.421816995,0.349859346
17589,60,4,2404.17,1,Loyal Customers,1.964730778,0.709597462
17590,2,3,1468.02,1,Loyal Customers,1.126526269,-0.498106299
17591,73,7,2203.67,1,Loyal Customers,2.637524172,1.12388643
17594,85,2,993.18,0,Regular Customers,-0.025990457,-0.06228191
17595,12,2,386.69,0,Regular Customers,-0.189223811,-1.110502901
17596,23,7,2806.69,1,Loyal Customers,3.428651973,0.952502622
17597,214,1,2044.37,2,At-Risk Customers,-0.061506871,1.647960022
17600,18,1,161.67,0,Regular Customers,-0.72525288,-1.302929771
17601,239,1,116.01,2,At-Risk Customers,-1.899430634,0.860541412
17603,78,1,394.72,0,Regular Customers,-0.826422217,-0.583833957
17604,217,2,309.36,2,At-Risk Customers,-1.309402563,0.877565853
17608,33,2,191.99,0,Regular Customers,-0.469570937,-1.007088757
17609,41,5,1105.78,1,Loyal Customers,1.216797534,-0.044275689
17612,53,6,2048.45,1,Loyal Customers,2.296755524,0.711511385
17614,57,1,386.32,0,Regular Customers,-0.726142884,-0.796249389
17615,130,3,329.6,0,Regular Customers,-0.539413323,0.158161818
17616,174,3,571.2,2,At-Risk Customers,-0.550924737,0.723440786
17618,6,3,930.28,0,Regular Customers,0.629248373,-0.747103404
17619,312,1,214.37,2,At-Risk Customers,-2.186703668,1.636055241
17620,60,1,81.44,0,Regular Customers,-1.011838025,-0.930173722
17621,21,3,1379.9,0,Regular Customers,0.950932312,-0.357292663
17623,33,1,527.05,0,Regular Customers,-0.478255848,-0.958329608
17624,15,2,843.48,0,Regular Customers,0.200375166,-0.835648253
17625,18,4,2020.4,1,Loyal Customers,1.839935048,0.087818283
17628,81,1,75.75,0,Regular Customers,-1.124609506,-0.725320221
17629,6,8,1814.12,1,Loyal Customers,2.941598045,0.382560019
17630,170,2,503.6,2,At-Risk Customers,-0.896087302,0.516495851
17631,2,3,528.33,0,Regular Customers,0.293400204,-1.002426439
17633,31,4,1324.84,1,Loyal Customers,1.156565853,-0.156775778
17634,36,9,2358.59,1,Loyal Customers,3.576176013,1.102844238
17636,19,1,285.56,0,Regular Customers,-0.620542258,-1.226539177
17637,31,2,547.06,0,Regular Customers,-0.144507352,-0.836327718
17639,276,1,108.5,2,At-Risk Customers,-2.095893241,1.222823669
17640,87,1,621.66,0,Regular Customers,-0.671386564,-0.372934923
17642,120,2,712.29,0,Regular Customers,-0.454571183,0.13347995
17644,1,11,2895.64,1,Loyal Customers,4.843363367,1.306687237
17646,219,3,1008.39,2,At-Risk Customers,-0.394156546,1.403590862
17647,65,1,133.06,0,Regular Customers,-0.991721128,-0.852968172
17648,61,4,1797.5,1,Loyal Customers,1.421729305,0.393905432
17649,138,1,868.49,0,Regular Customers,-0.714169993,0.264453341
17650,21,1,166.08,0,Regular Customers,-0.736732524,-1.270861942
17653,37,4,1207.56,1,Loyal Customers,1.021806721,-0.160316448
17654,277,1,117.55,2,At-Risk Customers,-2.092999386,1.237581039
17655,11,7,2638.94,1,Loyal Customers,3.341483514,0.743669102
17656,73,5,1674.69,1,Loyal Customers,1.557036229,0.57786241
17658,26,2,595.42,0,Regular Customers,-0.075982309,-0.859875224
17660,141,1,178.75,2,At-Risk Customers,-1.341080745,-0.076020652
17663,26,7,1802.91,1,Loyal Customers,2.523314389,0.443487199
17664,19,2,604.64,0,Regular Customers,-0.031898973,-0.924229381
17666,4,2,728.16,0,Regular Customers,0.154561129,-1.006442888
17667,66,5,2055.51,1,Loyal Customers,1.930578905,0.712941432
17668,1,2,347.75,0,Regular Customers,-0.167319592,-1.240305323
17670,228,1,205.7,2,At-Risk Customers,-1.76348348,0.799773139
17671,16,4,1572.71,1,Loyal Customers,1.453274256,-0.17225216
17673,2,6,1594.97,1,Loyal Customers,2.156323742,-0.036783408
17674,74,2,551.04,0,Regular Customers,-0.361562032,-0.408476845
17676,4,6,1371.18,1,Loyal Customers,1.947652573,-0.137088075
17678,264,1,298.11,2,At-Risk Customers,-1.866227498,1.205780893
17679,53,2,1992.11,1,Loyal Customers,1.023812639,0.157020558
17680,24,1,184.4,0,Regular Customers,-0.735879607,-1.231328785
17682,10,6,2474.33,1,Loyal Customers,2.894922668,0.514361121
17684,44,1,239.41,0,Regular Customers,-0.789704822,-1.003798681
17692,127,4,740.94,0,Regular Customers,0.146416911,0.480285392
17693,137,1,200.47,2,At-Risk Customers,-1.301304484,-0.103965175
17694,142,1,283.12,2,At-Risk Customers,-1.253676491,-0.010106203
17695,132,2,765.34,0,Regular Customers,-0.469095367,0.280755383
17696,38,8,2285.71,1,Loyal Customers,3.195553148,0.952467664
17697,236,1,338.95,2,At-Risk Customers,-1.686383228,0.950489549
17698,261,1,154.95,2,At-Risk Customers,-1.977763149,1.099247634
17700,17,4,2534.64,1,Loyal Customers,2.300988387,0.353904261
17701,253,1,417.95,2,At-Risk Customers,-1.703549453,1.161193757
17702,30,4,1824.37,1,Loyal Customers,1.604577354,0.101415523
17703,35,3,798.74,0,Regular Customers,0.363859936,-0.530589296
17704,169,2,885.19,2,At-Risk Customers,-0.552641017,0.711390195
17705,3,9,1823.52,1,Loyal Customers,3.271069595,0.488967307
17707,185,2,152.4,2,At-Risk Customers,-1.284407743,0.476516285
17708,188,2,263.33,2,At-Risk Customers,-1.201447104,0.565752096
17709,170,1,137.45,2,At-Risk Customers,-1.526462695,0.188924161
17711,11,2,385.1,0,Regular Customers,-0.185503655,-1.12125658
17712,45,1,522.91,0,Regular Customers,-0.543484499,-0.84174735
17714,321,1,153,2,At-Risk Customers,-2.287282713,1.692221821
17715,201,1,326.4,2,At-Risk Customers,-1.517965441,0.597242026
17718,232,1,139.35,2,At-Risk Customers,-1.842828552,0.803765287
17720,26,4,1195.94,1,Loyal Customers,1.067932762,-0.27545656
17722,96,4,2424.04,1,Loyal Customers,1.797673035,1.076673884
17724,71,3,1033,0,Regular Customers,0.386879661,-0.04845238
17727,15,1,1060.25,0,Regular Customers,0.086814729,-0.850373903
17728,4,3,2876.01,1,Loyal Customers,2.364585886,0.277345418
17731,79,4,1240.11,1,Loyal Customers,0.835211953,0.272967249
17733,39,2,692.19,0,Regular Customers,-0.056874331,-0.679235457
17734,54,3,700.63,0,Regular Customers,0.179408877,-0.395137171
17736,9,3,377.44,0,Regular Customers,0.123712711,-1.01410484
17737,9,2,168.24,0,Regular Customers,-0.367511328,-1.257443383
17738,19,4,1879.05,1,Loyal Customers,1.709484758,0.021857811
17739,12,7,2791.35,1,Loyal Customers,3.471479874,0.835366032
17742,113,2,355.11,0,Regular Customers,-0.735336882,-0.127516609
17744,4,6,2322.4,1,Loyal Customers,2.791001099,0.373420074
17746,240,1,110.25,2,At-Risk Customers,-1.909667276,0.867350436
17747,113,1,71.4,0,Regular Customers,-1.292621242,-0.410843758
17749,178,2,674.52,2,At-Risk Customers,-0.785588952,0.68742929
17750,5,9,1710.45,1,Loyal Customers,3.160562415,0.448084711
17754,1,5,1664.65,1,Loyal Customers,1.917483639,-0.140350808
17759,17,3,819.96,0,Regular Customers,0.475010728,-0.697407
17760,22,2,287.59,0,Regular Customers,-0.328383996,-1.064685205
17761,33,1,712.78,0,Regular Customers,-0.313588241,-0.858650587
17763,263,1,15,2,At-Risk Customers,-2.112102049,1.04393887
17764,51,2,772.55,0,Regular Customers,-0.047185559,-0.517303081
17765,159,3,367.63,2,At-Risk Customers,-0.654461555,0.465682073
17767,15,1,271.2,0,Regular Customers,-0.612754407,-1.273847395
17768,8,3,2081.9,1,Loyal Customers,1.64001119,-0.109242333
17770,199,5,1143.27,2,At-Risk Customers,0.439520532,1.540099319
17771,57,2,245.81,0,Regular Customers,-0.544970582,-0.740595929
17772,11,2,173.45,0,Regular Customers,-0.373151849,-1.234846548
17774,97,4,1213.73,1,Loyal Customers,0.719486321,0.437015643
17775,255,1,56.4,2,At-Risk Customers,-2.034358185,0.986954981
17777,25,3,647.56,0,Regular Customers,0.281122695,-0.710729209
17779,21,3,650.32,0,Regular Customers,0.304089082,-0.748849333
17781,159,2,188.02,2,At-Risk Customers,-1.119451197,0.238224121
17783,72,2,283.47,0,Regular Customers,-0.588529025,-0.571879086
17785,53,1,131.94,0,Regular Customers,-0.931155976,-0.972373408
17786,85,2,266.85,0,Regular Customers,-0.669952247,-0.452094345
17787,153,4,1817.54,1,Loyal Customers,0.967550962,1.315492437
17788,74,2,1117.9,0,Regular Customers,0.141014181,-0.104250011
17789,281,1,225.9,2,At-Risk Customers,-2.017456012,1.335332542
17791,30,1,106.1,0,Regular Customers,-0.8360792,-1.213949366
17793,25,1,300.34,0,Regular Customers,-0.638217429,-1.159204859
17795,180,2,342.83,2,At-Risk Customers,-1.089923905,0.529216011
17796,40,4,690,0,Regular Customers,0.547550191,-0.408383539
17797,22,3,780.43,0,Regular Customers,0.414314335,-0.669120541
17800,37,9,1187.21,1,Loyal Customers,2.53250451,0.484079252
17802,82,3,1285.04,0,Regular Customers,0.553909202,0.195718208
17805,74,1,512.31,0,Regular Customers,-0.701647929,-0.560326222
17806,11,1,546.04,0,Regular Customers,-0.348562786,-1.165945508
17812,13,4,699.81,0,Regular Customers,0.69475352,-0.670427959
17813,14,5,1698.07,1,Loyal Customers,1.880425716,0.006289788
17816,37,4,36.56,0,Regular Customers,-0.016398031,-0.788777838
17817,4,3,387.68,0,Regular Customers,0.158440686,-1.058110884
17824,51,1,298.4,0,Regular Customers,-0.773313397,-0.902837051
17827,5,5,1987.33,1,Loyal Customers,2.183051287,0.072428986
17828,23,4,1820.09,1,Loyal Customers,1.636691636,0.029816081
17829,299,1,889.24,2,At-Risk Customers,-1.521678158,1.869545232
17830,2,3,398.7,0,Regular Customers,0.178470672,-1.071997276
17831,33,1,35.4,0,Regular Customers,-0.914151122,-1.222192155
17832,50,1,155.37,0,Regular Customers,-0.89499348,-0.98949985
17835,3,3,342.24,0,Regular Customers,0.123283576,-1.092398322
17836,47,1,110.21,0,Regular Customers,-0.919642653,-1.043437706
17837,42,8,1541.23,1,Loyal Customers,2.514980247,0.592515728
17838,27,5,2720.8,1,Loyal Customers,2.720486788,0.683880972
17839,42,1,318.15,0,Regular Customers,-0.709634507,-0.981340576
17843,303,1,205.48,2,At-Risk Customers,-2.148416907,1.542180977
17844,107,1,51.56,0,Regular Customers,-1.279432251,-0.480893717
17846,85,1,2033.1,0,Regular Customers,0.590251191,0.364766986
17848,81,9,901.2,1,Loyal Customers,2.053215803,0.76619638
17849,218,4,605.8,2,At-Risk Customers,-0.440213665,1.308688843
17852,12,2,114.34,0,Regular Customers,-0.430688426,-1.256669817
17854,185,2,311.26,2,At-Risk Customers,-1.143562989,0.561774505
17856,2,4,1418.03,1,Loyal Customers,1.387953306,-0.393871862
17859,305,1,141.92,2,At-Risk Customers,-2.215028684,1.527869793
17861,3,8,2097.88,1,Loyal Customers,3.208568263,0.505149507
17862,324,1,330.9,2,At-Risk Customers,-2.144946693,1.817399613
17864,13,3,554.85,0,Regular Customers,0.260484454,-0.879289679
17866,143,1,329.65,2,At-Risk Customers,-1.217552991,0.024766225
17867,30,6,1157.87,1,Loyal Customers,1.625156658,0.005840036
17869,107,5,428.18,0,Regular Customers,0.27746983,0.245487472
17871,205,1,155.9,2,At-Risk Customers,-1.689649561,0.545338142
17873,80,5,1848.96,1,Loyal Customers,1.675634523,0.740693408
17874,185,6,683.46,2,At-Risk Customers,0.409420334,1.285783534
17877,170,1,237.61,2,At-Risk Customers,-1.437661168,0.242678809
17878,44,1,379.45,0,Regular Customers,-0.665545818,-0.928640925
17879,174,1,178.52,2,At-Risk Customers,-1.510569548,0.25056731
17881,304,1,133.35,2,At-Risk Customers,-2.217496973,1.513370033
17883,3,4,664.34,0,Regular Customers,0.714604384,-0.788467729
17884,4,4,695.07,0,Regular Customers,0.736719656,-0.762074968
17885,12,1,156.34,0,Regular Customers,-0.699199371,-1.36519239
17886,32,3,869.28,0,Regular Customers,0.441790003,-0.522432377
17887,129,1,111.35,0,Regular Customers,-1.339279223,-0.230997554
17888,21,8,716,1,Loyal Customers,1.891060786,-0.058282383
17889,212,2,201.37,2,At-Risk Customers,-1.379496917,0.770107213
17890,323,2,586.89,2,At-Risk Customers,-1.607108948,2.075949432
17891,162,1,203.86,2,At-Risk Customers,-1.426545047,0.145362833
17892,56,3,244.1,0,Regular Customers,-0.235608811,-0.620350552
17893,225,1,107.21,2,At-Risk Customers,-1.835414855,0.717213723
17894,72,8,1118.96,1,Loyal Customers,1.986701702,0.662898943
17895,44,1,95.45,0,Regular Customers,-0.917339285,-1.081060254
17896,23,1,256.32,0,Regular Customers,-0.666985726,-1.202630546
17897,173,3,541.81,2,At-Risk Customers,-0.57185197,0.697767186
17898,85,2,152.06,0,Regular Customers,-0.771724684,-0.513700736
17899,159,1,154.55,2,At-Risk Customers,-1.454873596,0.089197722
17900,190,2,112.2,2,At-Risk Customers,-1.345698156,0.504443163
17901,29,1,110.38,0,Regular Customers,-0.827154721,-1.221552687
17904,21,1,181.07,0,Regular Customers,-0.723442439,-1.262816992
17905,71,4,798.99,0,Regular Customers,0.485155171,-0.042979228
17906,247,1,72.9,2,At-Risk Customers,-1.978690579,0.916607566
17911,9,1,366.23,0,Regular Customers,-0.497722051,-1.282248028
17912,310,5,310.06,2,At-Risk Customers,-0.868613512,2.19186404
17913,59,2,408.65,0,Regular Customers,-0.410856863,-0.633401
17914,4,1,329.36,0,Regular Customers,-0.504761647,-1.351537434
17917,45,3,335.03,0,Regular Customers,-0.098562276,-0.680453332
17919,88,1,1304.04,0,Regular Customers,-0.071520544,0.00319043
17921,64,4,820.23,0,Regular Customers,0.5398954,-0.100882398
17923,282,1,207.5,2,At-Risk Customers,-2.038899237,1.335357832
17924,12,7,2962.5,1,Loyal Customers,3.623220902,0.927220145
17926,133,2,397.29,0,Regular Customers,-0.800537133,0.093127791
17928,45,2,212.54,0,Regular Customers,-0.512909514,-0.877255677
17929,11,4,843,0,Regular Customers,0.831964993,-0.613380327
17930,36,5,1740.48,1,Loyal Customers,1.805169693,0.246858317
17931,134,2,408.36,0,Regular Customers,-0.795852352,0.10896927
17932,29,3,1331.57,0,Regular Customers,0.867044333,-0.304028019
17934,52,2,704.25,0,Regular Customers,-0.11286996,-0.544058511
17935,138,2,145.79,2,At-Risk Customers,-1.049165431,0.007652542
17936,5,1,380.13,0,Regular Customers,-0.464878977,-1.31438945
17939,160,1,99.14,2,At-Risk Customers,-1.509129765,0.069360198
17941,131,1,304.56,0,Regular Customers,-1.178239562,-0.107503417
17942,8,1,77.5,0,Regular Customers,-0.748579276,-1.447106236
17946,233,2,149.58,2,At-Risk Customers,-1.533140506,0.950219407
17947,37,1,176.68,0,Regular Customers,-0.809412119,-1.106767524
17948,147,1,358.56,2,At-Risk Customers,-1.21244086,0.07988325
17950,72,3,482.2,0,Regular Customers,-0.106587653,-0.334159664
17951,40,3,1008.54,0,Regular Customers,0.524218701,-0.368490473
17955,199,4,557.3,2,At-Risk Customers,-0.38574655,1.094552921
17956,249,1,12.75,2,At-Risk Customers,-2.042279061,0.904126487
17957,66,1,111.68,0,Regular Customers,-1.015806411,-0.854542211
17958,117,1,508.46,0,Regular Customers,-0.925644662,-0.136677615
17960,171,1,73.78,2,At-Risk Customers,-1.588042153,0.164653596
17962,142,1,102.41,2,At-Risk Customers,-1.413893383,-0.107091052
17964,32,2,463.21,0,Regular Customers,-0.223978331,-0.871428643
17966,38,5,1098.43,1,Loyal Customers,1.225670583,-0.077921381
17969,166,2,228.2,2,At-Risk Customers,-1.119736656,0.329090654
17970,211,1,562.79,2,At-Risk Customers,-1.359681294,0.823113105
17972,242,1,135.19,2,At-Risk Customers,-1.897815244,0.90053612
17973,52,1,337.04,0,Regular Customers,-0.744185145,-0.87219909
17974,25,3,703.99,0,Regular Customers,0.331153347,-0.680443918
17977,29,1,288.14,0,Regular Customers,-0.669553289,-1.126151068
17979,36,4,732.41,0,Regular Customers,0.605670137,-0.425223992
17980,166,3,811.45,2,At-Risk Customers,-0.296881117,0.773177261
17984,145,1,152.68,2,At-Risk Customers,-1.384713701,-0.050410721
17985,22,1,631.35,0,Regular Customers,-0.329355516,-1.011256873
17986,56,1,20.8,0,Regular Customers,-1.04508187,-1.002319851
17987,185,1,198.57,2,At-Risk Customers,-1.549221579,0.3702317
17988,12,7,201.12,1,Loyal Customers,1.174990469,-0.554778756
17990,237,3,630.84,2,At-Risk Customers,-0.821228345,1.379170609
17991,225,2,93.35,2,At-Risk Customers,-1.541955079,0.84083869
17994,122,4,674.89,0,Regular Customers,0.113506423,0.395335437
17995,282,1,76.1,2,At-Risk Customers,-2.155398045,1.264837058
17997,74,8,1962.46,1,Loyal Customers,2.72428634,1.135395776
17999,37,2,380.39,0,Regular Customers,-0.323055496,-0.866375397
18001,12,2,415.13,0,Regular Customers,-0.164009001,-1.0952395
18005,4,2,226.47,0,Regular Customers,-0.290235577,-1.27569378
18006,23,1,444.68,0,Regular Customers,-0.49998637,-1.101540036
18008,70,9,2116.19,1,Loyal Customers,3.186850239,1.309362866
18009,235,1,247.39,2,At-Risk Customers,-1.762430178,0.891450071
18010,257,1,174.8,2,At-Risk Customers,-1.939644824,1.070299505
18013,155,2,187.29,2,At-Risk Customers,-1.099579033,0.198230957
18014,28,1,162.22,0,Regular Customers,-0.776063702,-1.203631138
18015,4,1,120.03,0,Regular Customers,-0.690352937,-1.463882287
18016,32,5,1477.66,1,Loyal Customers,1.592673724,0.066204653
18017,81,3,523,0,Regular Customers,-0.116583113,-0.223159693
18018,108,2,122.14,0,Regular Customers,-0.916238093,-0.302050488
18019,52,1,38.45,0,Regular Customers,-1.008914058,-1.032448694
18022,36,1,612.72,0,Regular Customers,-0.417690643,-0.88265053
18024,153,2,389.78,2,At-Risk Customers,-0.909792374,0.287104175
18027,99,1,115.31,0,Regular Customers,-1.18187295,-0.525882634
18030,4,2,230.65,0,Regular Customers,-0.286529602,-1.273450426
18033,65,1,93.82,0,Regular Customers,-1.026511183,-0.8740278
18034,22,2,418.68,0,Regular Customers,-0.212160033,-0.994330804
18035,36,3,713.89,0,Regular Customers,0.28350236,-0.566226909
18036,32,3,403.12,0,Regular Customers,0.028494079,-0.772614752
18037,154,6,70.02,0,Regular Customers,0.024571642,0.649647073
18040,19,2,357.2,0,Regular Customers,-0.251278463,-1.057027405
18042,54,1,165.05,0,Regular Customers,-0.906930604,-0.94470333
18043,25,3,529.29,0,Regular Customers,0.176264901,-0.774203273
18044,4,10,2088.6,1,Loyal Customers,3.806706813,0.772196308
18045,45,1,178.34,0,Regular Customers,-0.848979128,-1.026673859
18048,203,2,172.29,2,At-Risk Customers,-1.359110544,0.665397223
18053,71,1,300.02,0,Regular Customers,-0.874474011,-0.703960707
18056,288,1,363.65,2,At-Risk Customers,-1.93123623,1.478563701
18058,10,1,170.16,0,Regular Customers,-0.676686914,-1.377576056
18059,23,3,306.46,0,Regular Customers,-0.011035754,-0.913594102
18061,22,10,2119.41,1,Loyal Customers,3.741685648,0.966937877
18062,173,3,720.52,2,At-Risk Customers,-0.413408271,0.79367866
18064,133,2,814,0,Regular Customers,-0.431083416,0.316770955
18066,75,1,318,0,Regular Customers,-0.879052382,-0.654709679
18067,40,1,396.33,0,Regular Customers,-0.630060686,-0.959183017
18068,289,1,101.7,2,At-Risk Customers,-2.168610084,1.347878683
18069,26,5,2009.24,1,Loyal Customers,2.094749875,0.29209507
18071,258,2,453,2,At-Risk Customers,-1.392375457,1.36056985
18072,186,1,247.44,2,At-Risk Customers,-1.511023442,0.406359977
18075,23,10,2611.75,1,Loyal Customers,4.173062829,1.241071084
18077,8,11,2584.41,1,Loyal Customers,4.531518956,1.208956318
18078,217,2,336.13,2,At-Risk Customers,-1.285668369,0.891932985
18080,19,2,1231.5,0,Regular Customers,0.523873043,-0.587801279
18081,36,3,343.45,0,Regular Customers,-0.044928527,-0.76503753
18082,26,1,680.84,0,Regular Customers,-0.305997225,-0.945094813
18084,16,1,90.48,0,Regular Customers,-0.77811001,-1.360937265
18086,274,1,101.34,2,At-Risk Customers,-2.091981584,1.199180293
18088,61,1,166.03,0,Regular Customers,-0.941970654,-0.874874958
18093,93,4,2106.52,1,Loyal Customers,1.531550381,0.876563744
18094,82,7,3017.3,1,Loyal Customers,3.312717251,1.649654818
18095,313,2,580.05,2,At-Risk Customers,-1.56187482,1.973275033
18096,12,3,849.06,0,Regular Customers,0.526459918,-0.731291113
18097,8,6,2662.4,1,Loyal Customers,3.071924601,0.595495301
18099,127,1,168.31,0,Regular Customers,-1.278518985,-0.220228509
18101,11,2,222.4,0,Regular Customers,-0.32975294,-1.208575681
18104,37,1,754.64,0,Regular Customers,-0.296994682,-0.796583455
18105,38,1,113.48,0,Regular Customers,-0.870574876,-1.130785846
18108,254,1,271,2,At-Risk Customers,-1.838964685,1.092227833
18110,20,1,198.8,0,Regular Customers,-0.702593234,-1.263201863
18112,12,2,352.69,0,Regular Customers,-0.2193681,-1.128750285
18114,290,1,220.1,2,At-Risk Customers,-2.068766878,1.421322862
18116,68,8,1403.11,1,Loyal Customers,2.259147539,0.775797394
18117,26,1,315.65,0,Regular Customers,-0.629773478,-1.141087823
18120,214,1,111.15,2,At-Risk Customers,-1.775493369,0.610424473
18121,149,2,653.3,2,At-Risk Customers,-0.655637028,0.388930757
18122,8,6,1793.06,1,Loyal Customers,2.301170615,0.128931147
18123,24,2,574.44,0,Regular Customers,-0.084323418,-0.890935625
18125,30,4,1131.75,0,Regular Customers,0.990502739,-0.270305167
18126,61,1,200.92,0,Regular Customers,-0.911037295,-0.856149921
18127,19,3,347.08,0,Regular Customers,0.045497184,-0.931395226
18129,243,1,112.55,2,At-Risk Customers,-1.923017639,0.898285854
18130,15,3,1059.39,0,Regular Customers,0.697548269,-0.588708536
18133,212,1,931.5,2,At-Risk Customers,-1.037914065,1.030895602
18135,29,5,681.91,0,Regular Customers,0.902553925,-0.390565684
18136,63,3,784.33,0,Regular Customers,0.207448417,-0.261113294
18138,295,1,152.65,2,At-Risk Customers,-2.154217051,1.434624998
18142,157,2,1019.52,2,At-Risk Customers,-0.37198634,0.664679319
18143,117,2,1000.16,0,Regular Customers,-0.183957052,0.258275225
18145,13,4,2861.55,1,Loyal Customers,2.611345099,0.489751481
18146,141,2,160.35,2,At-Risk Customers,-1.051646118,0.045167752
18147,46,2,179.34,0,Regular Customers,-0.54747437,-0.885173366
18149,51,3,612.08,0,Regular Customers,0.116290273,-0.47236191
18150,32,3,566.58,0,Regular Customers,0.173417178,-0.684887768
18151,135,2,653.35,0,Regular Customers,-0.583774868,0.250352755
18154,3,2,399.19,0,Regular Customers,-0.131972747,-1.192897413
18155,75,3,371.62,0,Regular Customers,-0.220017053,-0.363805562
18156,13,2,675.64,0,Regular Customers,0.061828464,-0.945526621
18158,9,2,453.4,0,Regular Customers,-0.114689409,-1.104401495
18159,301,1,530.15,2,At-Risk Customers,-1.850305862,1.696626708
18160,57,2,638.06,0,Regular Customers,-0.197203021,-0.530080148
18161,15,5,1618.69,1,Loyal Customers,1.804917824,-0.026412142
18164,37,1,399.65,0,Regular Customers,-0.61172765,-0.98710225
18165,177,1,302.46,2,At-Risk Customers,-1.416074286,0.34678543
18167,23,3,1384.86,0,Regular Customers,0.945070141,-0.33483
18168,176,6,1160.04,1,Loyal Customers,0.878123201,1.452455087
18169,61,1,202.65,0,Regular Customers,-0.909503483,-0.855221451
18170,33,3,980.31,0,Regular Customers,0.535098991,-0.452943587
18171,59,5,1231.31,1,Loyal Customers,1.235754809,0.201300946
18173,87,4,2106.84,1,Loyal Customers,1.562613162,0.817333412
18174,7,1,104,0,Regular Customers,-0.719954618,-1.442784356
18177,31,6,1340.87,1,Loyal Customers,1.782274012,0.113954246
18178,129,4,1590.81,1,Loyal Customers,0.88964917,0.956200926
18179,9,6,1793.17,1,Loyal Customers,2.296138295,0.138890528
18180,5,6,1843.75,1,Loyal Customers,2.361501737,0.126434814
18181,24,1,366.85,0,Regular Customers,-0.574120037,-1.1334101
18183,227,2,632.07,2,At-Risk Customers,-1.074587388,1.149763821
18184,15,1,49.8,0,Regular Customers,-0.80904692,-1.39267007
18185,249,1,304.25,2,At-Risk Customers,-1.783836119,1.060570974
18188,15,3,2001.04,1,Loyal Customers,1.532412064,-0.083336488
18189,78,2,1090.24,0,Regular Customers,0.095971536,-0.079493413
18190,192,2,284.46,2,At-Risk Customers,-1.203232696,0.616693691
18191,262,1,207.8,2,At-Risk Customers,-1.936036357,1.137511929
18192,72,1,957.97,0,Regular Customers,-0.296267548,-0.340946637
18193,165,1,243.76,2,At-Risk Customers,-1.406559373,0.196477712
18194,82,1,973.84,0,Regular Customers,-0.333495708,-0.233425948
18196,95,2,686.63,0,Regular Customers,-0.349075129,-0.127800095
18200,106,1,150.35,0,Regular Customers,-1.186715516,-0.437774676
18202,200,3,1396.99,2,At-Risk Customers,0.047841992,1.424041169
18203,157,1,160.42,2,At-Risk Customers,-1.439409583,0.072547388
18204,71,3,1975.35,1,Loyal Customers,1.222364074,0.457295349
18205,36,2,517.36,0,Regular Customers,-0.196488499,-0.802765617
18209,29,1,139.1,0,Regular Customers,-0.801691663,-1.206139014
18210,2,6,2621.38,1,Loyal Customers,3.066335474,0.514078296
18211,26,5,600.07,0,Regular Customers,0.845384385,-0.464189248
18212,326,1,216.07,2,At-Risk Customers,-2.257014283,1.775572447
18213,237,1,232.48,2,At-Risk Customers,-1.785909025,0.903248747
18215,89,1,299.34,0,Regular Customers,-0.967414107,-0.526119437
18216,31,1,481.75,0,Regular Customers,-0.508158989,-1.002442256
18217,29,2,621.75,0,Regular Customers,-0.068027753,-0.816043198
18218,211,2,641.92,2,At-Risk Customers,-0.98377689,0.996644668
18219,3,10,2069.77,1,Loyal Customers,3.795142042,0.752190132
18220,227,1,305.28,2,At-Risk Customers,-1.670066334,0.843316162
18221,22,5,1041.61,1,Loyal Customers,1.257371678,-0.266821508
18222,93,1,443,0,Regular Customers,-0.860565003,-0.409417489
18224,264,1,158.95,2,At-Risk Customers,-1.989606297,1.131095422
18227,218,1,93.75,2,At-Risk Customers,-1.811439532,0.640687487
18228,57,2,779.9,0,Regular Customers,-0.071448143,-0.453956353
18230,9,7,2810.2,1,Loyal Customers,3.503581757,0.81578156
18231,192,5,2071.77,1,Loyal Customers,1.298634496,1.969111504
18232,82,4,592.97,0,Regular Customers,0.246070221,-0.044643845
18233,326,1,440,2,At-Risk Customers,-2.058478681,1.895752941
18235,72,3,1796.48,1,Loyal Customers,1.058648675,0.371198351
18236,30,6,882.24,1,Loyal Customers,1.380784006,-0.142087216
18237,3,5,987.1,1,Loyal Customers,1.306510346,-0.484182922
18239,219,5,1561.61,1,Loyal Customers,0.707822501,1.962624194
18240,46,1,422.58,0,Regular Customers,-0.637566592,-0.88569289
18242,72,4,2232.49,1,Loyal Customers,1.750961714,0.736263049
18245,7,7,2567.06,1,Loyal Customers,3.298274322,0.665490602
18246,24,2,596.1,0,Regular Customers,-0.065119734,-0.879310967
18248,123,2,804.02,0,Regular Customers,-0.388633201,0.212411357
18249,17,1,95.34,0,Regular Customers,-0.778930995,-1.348428617
18250,310,1,349.27,2,At-Risk Customers,-2.056842081,1.688653731
18252,51,2,518.27,0,Regular Customers,-0.272629371,-0.65377205
18255,89,1,103.3,0,Regular Customers,-1.141222526,-0.631331709
18257,39,8,2337.63,1,Loyal Customers,3.236455404,0.990232839
18259,25,3,2338.6,1,Loyal Customers,1.780393201,0.196831293
18260,173,6,2628.35,1,Loyal Customers,2.195311556,2.210778084
18261,43,2,324.24,0,Regular Customers,-0.403616971,-0.837108343
18262,140,1,149.48,2,At-Risk Customers,-1.361901586,-0.101629849
18263,26,3,1213.16,0,Regular Customers,0.777451951,-0.397278256
18265,72,2,801.51,0,Regular Customers,-0.129236463,-0.293853348
18268,134,1,25.5,2,At-Risk Customers,-1.441042776,-0.227570473
18270,38,2,283.15,0,Regular Customers,-0.414398005,-0.908662571
18273,2,3,204,0,Regular Customers,0.005850292,-1.176490387
18274,30,1,175.92,0,Regular Customers,-0.774177017,-1.176477825
18276,44,1,335.86,0,Regular Customers,-0.704192569,-0.952035145
18277,58,1,110.38,0,Regular Customers,-0.975920226,-0.934442669
18278,74,1,173.9,0,Regular Customers,-1.001681123,-0.741946734
18280,278,1,180.6,2,At-Risk Customers,-2.042229308,1.281319549
18281,181,1,80.82,2,At-Risk Customers,-1.633098962,0.267435332
18282,8,2,178.05,0,Regular Customers,-0.353683969,-1.262078821
18287,43,3,1837.28,1,Loyal Customers,1.243587326,0.105985194
